timestamp, remote_beacon_id, position_flt_error, yaw, pitch, roll, local_depth, VOS, RSSI, usbl_rssi[0], usbl_rssi[1], usbl_rssi[2], usbl_rssi[3], range_time, range_dist, azimuth, elevation, fit_error, easting, northing, remote_depth
1731178752636108837, 4, 0, 2492, -6, -1797, 1, 14256, 1275, 1379, 1434, 0, 0, 460000, 327, 895, 33, 51, 113, -307, 0
1731178754484822172, 5, 0, 2790, -2, -1799, 1, 14257, 1233, 1340, 1360, 0, 0, 698750, 498, 305, 80, 80, -463, -182, 0
1731178769692662368, 5, 0, 3554, 37, -1765, 1, 14255, 1171, 1299, 1373, 0, 0, 704999, 502, 1111, -22, 24, -451, -220, 0
1731178775389568004, 4, 0, 2393, 3, -1798, 1, 14255, 1239, 1256, 1379, 0, 0, 471249, 335, 572, -48, 156, -12, -335, 10
1731178777247341600, 5, 0, 2200, 2, 1796, 1, 14255, 1200, 1374, 1341, 0, 0, 714375, 509, 3397, 28, 76, -441, -252, 0
1731178782940302374, 4, 0, 1931, 3, 1798, 1, 14255, 1272, 1442, 1417, 0, 0, 469375, 334, 3582, 5, 16, -85, -323, 10
1731178784797584288, 5, 0, 2031, 43, 1762, 1, 14256, 1202, 1371, 1356, 0, 0, 729375, 519, 3015, 22, 94, -514, -75, 0
1731178790493077393, 4, 0, 2535, 0, -1795, 1, 14256, 1123, 1348, 1391, 0, 0, 460624, 328, 513, -47, 108, -124, -303, 10
1731178803121402935, 3, 0, 2723, -7, -1795, 1, 14256, 1095, 1146, 1117, 0, 0, 1632500, 1163, 3288, 27, 48, -970, 641, 0
1731178806900780750, 5, 0, 3128, 3, 1799, 1, 14257, 925, 991, 1049, 0, 0, 671875, 478, 743, -76, 38, -408, -250, 0
1731178812598338227, 4, 0, 3138, 4, 1797, 1, 14256, 1143, 1239, 1276, 0, 0, 412499, 294, 1370, -164, 641, 16, -293, 10
1731178814442295537, 5, 1, 3132, 3, 1796, 1, 14257, 1166, 1304, 1301, 0, 0, 661875, 471, 460, -21, 97, -471, -22, 0
1731178820136729433, 4, 0, 2880, 1, 1796, 1, 14258, 1287, 1409, 1482, 0, 0, 393750, 280, 1079, -58, 52, 0, -280, 10
1731178821985140983, 5, 0, 2888, 2, 1796, 1, 14258, 1195, 1337, 1323, 0, 0, 663124, 472, 227, -43, 43, -471, -31, 0
1731178827677092624, 4, 0, 3175, 3, 1798, 1, 14258, 1272, 1413, 1492, 0, 0, 392499, 279, 1293, -36, 24, -39, -276, 10
1731178829517003388, 5, 0, 3188, 10, 1786, 1, 14258, 1212, 1319, 1364, 0, 0, 667499, 475, 751, -30, 156, -426, -210, 0
1731178833392369427, 3, 0, 3465, -5, 1797, 1, 14258, 1101, 1211, 1187, 0, 0, 1643124, 1171, 169, -44, 34, -591, 1011, 0
1731178835219040910, 4, 0, 3540, -3, 1795, 1, 14258, 1232, 1352, 1423, 0, 0, 424375, 302, 1634, -41, 138, -55, -297, 10
1731178837061959706, 5, 0, 3546, 0, 1798, 1, 14258, 1173, 1291, 1369, 0, 0, 667499, 475, 1118, -20, 30, -423, -217, 0
1731178840937115416, 3, 0, 139, 2, 1797, 1, 14258, 1132, 1191, 1196, 0, 0, 1634999, 1165, 501, -28, 106, -688, 940, 0
1731178842761400657, 4, 0, 241, 3, 1796, 1, 14259, 1228, 1370, 1405, 0, 0, 422499, 301, 2183, -38, 39, 74, -291, 10
1731178844613400371, 5, 0, 253, 2, 1798, 1, 14258, 1176, 1318, 1383, 0, 0, 666875, 475, 1315, -29, 27, -456, -132, 0
1731178848488157171, 3, 0, 548, 2, 1799, 1, 14259, 1100, 1145, 1201, 0, 0, 1638124, 1167, 932, -9, 53, -724, 916, 0
1731178850311334193, 4, 0, 646, 2, 1799, 1, 14259, 1288, 1457, 1474, 0, 0, 413750, 294, 2378, -64, 33, -34, -292, 10
1731178852154837217, 5, 0, 641, 3, 1797, 1, 14259, 1161, 1207, 1304, 0, 0, 664999, 474, 1526, -2, 59, -473, 12, 0
1731178856036788555, 3, 0, 799, 3, 1797, 1, 14259, 1091, 1139, 1198, 0, 0, 1641249, 1170, 1080, -43, 31, -551, 1032, 0
1731178857864832361, 4, 0, 847, 2, 1797, 1, 14260, 1283, 1462, 1471, 0, 0, 411875, 293, 2484, -62, 51, -82, -281, 10
1731178859716136616, 5, 0, 835, 2, 1798, 1, 14259, 1174, 1313, 1372, 0, 0, 658125, 469, 1805, -85, 174, -465, -57, 0
1731178863606801326, 3, 0, 896, 3, 1797, 1, 14259, 1112, 1163, 1206, 0, 0, 1643750, 1171, 1143, -58, 24, -491, 1063, 0
1731178865430246280, 4, 0, 921, 3, 1798, 1, 14259, 1284, 1464, 1474, 0, 0, 411250, 293, 2531, -65, 63, -95, -277, 10
1731178867279753696, 5, 0, 921, 3, 1799, 1, 14259, 1179, 1320, 1372, 0, 0, 660624, 471, 1816, -67, 178, -470, 3, 0
1731178871160795797, 3, 0, 950, 2, 1799, 1, 14260, 1123, 1167, 1238, 0, 0, 1643750, 1172, 1167, -26, 17, -435, 1088, 0
1731178872980790686, 4, 0, 644, 37, -1732, 1, 14260, 1265, 1393, 1435, 0, 0, 414375, 295, 2288, -14, 46, -78, -284, 10
1731178874830800658, 5, 1, 812, -45, 1797, 1, 14260, 1246, 1291, 1372, 0, 0, 679999, 484, 1083, -54, 28, -217, 433, 0
1731178881678243836, 5, 0, 3077, 2, 1799, 1, 14259, 1174, 1275, 1306, 0, 0, 683750, 487, 426, 22, 101, -485, -41, 0
1731178887374886302, 4, 0, 3172, 2, -1798, 1, 14259, 1292, 1363, 1446, 0, 0, 413750, 294, 1292, 5, 25, -40, -292, 10
1731178889219323236, 5, 0, 3177, 5, -1797, 1, 14259, 1211, 1302, 1349, 0, 0, 696250, 496, 704, 25, 137, -458, -191, 0
1731178894912364257, 4, 0, 3195, 0, -1795, 1, 14258, 1314, 1422, 1493, 0, 0, 402499, 286, 1244, 19, 16, -74, -276, 10
1731178896761340204, 5, 1, 3206, -11, 1765, 1, 14258, 1204, 1330, 1352, 0, 0, 696875, 496, 304, 39, 61, -465, 173, 0
1731178900645849030, 3, 0, 3246, -1, -1798, 1, 14259, 1120, 1211, 1177, 0, 0, 1655625, 1180, 46, 9, 38, -759, 903, 0
1731178902469170641, 4, 0, 3588, -23, 1790, 1, 14259, 1268, 1295, 1385, 0, 0, 435624, 310, 1916, 21, 95, 69, -302, 10
1731178904325910154, 5, 0, 3517, -12, 1795, 1, 14258, 1212, 1325, 1384, 0, 0, 699375, 498, 1244, 40, 18, -365, -339, 0
1731178908200866016, 3, 0, 426, -1, 1799, 1, 14258, 1123, 1166, 1213, 0, 0, 1621249, 1155, 770, 16, 102, -651, 954, 0
1731178910028145637, 4, 0, 492, 1, 1798, 1, 14258, 1245, 1377, 1419, 0, 0, 479375, 341, 2210, -9, 39, -48, -338, 10
1731178911884137936, 5, 0, 579, -27, 1786, 1, 14258, 1225, 1314, 1372, 0, 0, 733750, 523, 1930, 28, 94, -368, -371, 0
1731178927048613032, 5, 0, 3478, 59, 1766, 1, 14257, 1169, 1324, 1373, 0, 0, 796875, 568, 1145, 38, 22, -458, -334, 0
1731178930930938141, 3, 0, 845, -3, -1799, 1, 14257, 1175, 1196, 1272, 0, 0, 1593124, 1135, 1201, 20, 45, -661, 922, 0
1731178940509155850, 4, 0, 1492, 3, 1798, 1, 14258, 1290, 1431, 1415, 0, 0, 600625, 428, 2947, -19, 138, -242, -352, 10
1731178942376174863, 5, 0, 1495, 3, 1799, 1, 14259, 1179, 1355, 1376, 0, 0, 872500, 622, 2451, -3, 17, -619, -61, 0
1731178948079467698, 4, 0, 1465, 3, 1799, 1, 14260, 1266, 1414, 1402, 0, 0, 586250, 418, 2829, 0, 123, -287, -302, 10
1731178949949615526, 5, 0, 1446, 2, -1799, 1, 14261, 1190, 1373, 1400, 0, 0, 893125, 636, 2405, -5, 16, -633, -65, 0
1731178955659491255, 4, 0, 1319, 2, -1799, 1, 14261, 1244, 1401, 1402, 0, 0, 580000, 413, 2615, 26, 36, -318, -263, 10
1731178957526909530, 5, 0, 1268, 0, -1798, 1, 14261, 1196, 1335, 1390, 0, 0, 928125, 661, 2221, 1, 51, -658, -61, 0
1731178963230820798, 4, 0, 1168, 0, 1799, 1, 14263, 1243, 1393, 1414, 0, 0, 593125, 423, 2464, -6, 18, -325, -269, 10
1731178965114261341, 5, 0, 1208, -40, 1777, 1, 14264, 1210, 1364, 1416, 0, 0, 961250, 685, 2099, 17, 79, -685, 9, 0
1731178970819170650, 4, 1, 2570, 10, -1781, 1, 14266, 1282, 1356, 1394, 0, 0, 571250, 407, 628, 11, 105, -100, -394, 10
1731178972693297919, 5, 1, 2566, 34, 1766, 1, 14267, 1211, 1376, 1376, 0, 0, 914374, 652, 124, 14, 34, -588, -282, 0
1731178978391305060, 4, 0, 2657, 55, 1788, 1, 14266, 1292, 1377, 1420, 0, 0, 533749, 380, 702, 12, 98, -102, -366, 10
1731178980250873110, 5, 0, 2507, 30, -1773, 0, 14266, 1270, 1427, 1404, 0, 0, 794375, 566, 3591, -12, 10, -537, -178, 0
1731178984126016712, 3, 0, 2304, 16, -1792, 0, 14264, 1134, 1228, 1240, 0, 0, 1616249, 1152, 2713, 31, 41, -757, 868, 0
1731178985943694497, 4, 0, 2299, 13, -1798, 0, 14263, 1306, 1414, 1446, 0, 0, 430624, 307, 570, 6, 94, 37, -304, 10
1731178987786807846, 5, 0, 2308, 21, 1796, 0, 14263, 1290, 1425, 1408, 0, 0, 586874, 418, 3478, 21, 31, -372, -190, 0
1731178991661720367, 3, 0, 2354, -5, 1776, 0, 14264, 1098, 1175, 1187, 0, 0, 1605625, 1145, 2697, 11, 39, -645, 945, 0
1731178993481171352, 4, 0, 2308, 23, -1770, 0, 14265, 1327, 1428, 1489, 0, 0, 379999, 271, 968, 52, 44, 194, -188, 10
1731178995303573921, 5, 0, 2283, 17, -1769, 0, 14267, 1319, 1486, 1465, 0, 0, 365624, 260, 3229, 32, 79, -259, -22, 0
1731179002121305489, 5, 0, 1420, -5, -1785, 1, 14269, 1290, 1386, 1424, 0, 0, 320625, 228, 2138, 43, 49, -217, 71, 0
1731179006001219501, 3, 1, 829, -2, 1798, 1, 14270, 1099, 1141, 1212, 0, 0, 1696249, 1210, 886, 33, 54, -120, 1204, 0
1731179009745936412, 5, 0, 666, 10, 1799, 1, 14271, 1250, 1378, 1439, 0, 0, 359999, 256, 1310, 40, 37, -231, 110, 0
1731179013627833242, 3, 0, 545, 3, -1799, 1, 14272, 1104, 1167, 1218, 0, 0, 1691875, 1207, 758, 46, 83, -436, 1125, 0
1731179017382253125, 5, 0, 482, 2, 1798, 1, 14272, 1304, 1406, 1477, 0, 0, 394375, 281, 1285, 36, 40, -277, 47, 0
1731179021256837280, 3, 0, 491, 3, 1798, 1, 14273, 1089, 1146, 1200, 0, 0, 1674374, 1194, 739, 46, 72, -500, 1085, 0
1731179025016077316, 5, 0, 499, 1, -1799, 1, 14272, 1253, 1362, 1431, 0, 0, 431875, 308, 1292, 42, 43, -302, 56, 0
1731179031842190751, 5, 0, 340, 4, -1798, 1, 14273, 1272, 1386, 1453, 0, 0, 469375, 334, 1253, 25, 19, -334, -7, 0
1731179038658295673, 5, 0, 50, 1, -1797, 1, 14273, 1279, 1389, 1448, 0, 0, 491249, 350, 1092, 44, 26, -339, -85, 0
1731179042517189997, 3, 0, 3475, 2, -1797, 1, 14272, 1139, 1218, 1204, 0, 0, 1589375, 1134, 140, 37, 44, -506, 1015, 0
1731179046277513035, 5, 0, 3336, 2, 1799, 1, 14271, 1262, 1350, 1388, 0, 0, 497500, 355, 893, 41, 56, -320, -153, 0
1731179050147679184, 3, 0, 3212, 2, -1798, 1, 14273, 1168, 1268, 1240, 0, 0, 1536874, 1096, 3558, 34, 31, -623, 902, 0
1731179053909368350, 5, 0, 3118, 3, -1799, 1, 14274, 1248, 1304, 1357, 0, 0, 488124, 348, 724, 26, 95, -300, -177, 0
1731179057780327976, 3, 0, 3094, 1, -1797, 1, 14275, 1195, 1300, 1273, 0, 0, 1486250, 1060, 3498, 19, 22, -688, 806, 0
1731179061539975293, 5, 0, 3149, 1, 1797, 1, 14276, 1260, 1301, 1364, 0, 0, 482500, 344, 846, 42, 75, -265, -219, 0
1731179065398813740, 3, 0, 3186, 1, 1798, 1, 14276, 1189, 1299, 1282, 0, 0, 1464375, 1045, 3559, 26, 30, -633, 831, 0
1731179069157870026, 5, 0, 3177, 7, -1798, 1, 14277, 1262, 1324, 1381, 0, 0, 484375, 345, 928, 48, 52, -244, -244, 0
1731179073010049895, 3, 0, 3189, 5, 1798, 1, 14278, 1208, 1326, 1307, 0, 0, 1414999, 1010, 3553, 35, 26, -600, 812, 0
1731179076771901969, 5, 0, 3227, 3, 1795, 1, 14278, 1239, 1326, 1383, 0, 0, 486249, 347, 1037, 21, 35, -218, -269, 0
1731179080614491796, 3, 0, 3290, 2, 1796, 1, 14277, 1215, 1344, 1333, 0, 0, 1336250, 953, 35, 29, 37, -540, 785, 0
1731179084377585850, 5, 0, 3341, 0, 1796, 1, 14277, 1284, 1399, 1453, 0, 0, 517500, 369, 1172, 19, 21, -221, -295, 0
1731179088204536154, 3, 0, 3373, 2, 1799, 1, 14277, 1256, 1389, 1378, 0, 0, 1256249, 896, 115, 26, 36, -503, 742, 0
1731179091976817323, 5, 0, 3387, 3, 1797, 1, 14278, 1292, 1375, 1441, 0, 0, 565625, 403, 1278, 35, 50, -207, -346, 0
1731179095798374751, 3, 0, 3411, 3, 1796, 1, 14278, 1281, 1405, 1396, 0, 0, 1177499, 840, 146, 31, 46, -462, 701, 0
1731179099577525998, 5, 0, 3410, 2, 1798, 1, 14279, 1225, 1339, 1382, 0, 0, 624999, 446, 1289, 34, 43, -236, -378, 0
1731179103394328496, 3, 0, 3411, 2, 1798, 1, 14278, 1280, 1420, 1414, 0, 0, 1101249, 786, 158, 43, 39, -447, 646, 0
1731179107173263412, 5, 0, 3413, 2, 1798, 1, 14278, 1240, 1343, 1409, 0, 0, 690624, 493, 1327, 28, 33, -235, -433, 0
1731179110981119394, 3, 0, 3386, 1, 1796, 1, 14278, 1282, 1414, 1409, 0, 0, 1026875, 733, 155, 35, 39, -439, 587, 0
1731179114771526147, 5, 0, 3368, 4, 1797, 1, 14279, 1239, 1328, 1405, 0, 0, 757500, 540, 1320, 28, 33, -226, -490, 0
1731179118572951117, 3, 0, 3384, 1, 1798, 1, 14280, 1280, 1409, 1408, 0, 0, 949999, 678, 152, 31, 36, -405, 543, 0
1731179122368364403, 5, 0, 3364, 2, 1796, 1, 14281, 1230, 1310, 1382, 0, 0, 826249, 590, 1335, 35, 32, -228, -543, 0
1731179126162839167, 3, 0, 3364, 1, 1798, 1, 14281, 1242, 1378, 1386, 0, 0, 873750, 623, 167, 20, 36, -402, 476, 0
1731179129972336562, 5, 0, 3361, 1, 1798, 1, 14281, 1253, 1342, 1416, 0, 0, 897500, 640, 1409, 24, 45, -167, -618, 0
1731179133765841615, 3, 0, 3373, 3, -1799, 1, 14282, 1209, 1298, 1290, 0, 0, 801249, 572, 195, 39, 49, -383, 424, 0
1731179137574715819, 5, 0, 3372, 2, 1797, 1, 14282, 1282, 1359, 1438, 0, 0, 966875, 690, 1421, 41, 46, -178, -666, 0
1731179141360862111, 3, 0, 3381, 4, 1798, 1, 14283, 1247, 1361, 1347, 0, 0, 727500, 519, 205, 30, 66, -349, 384, 0
1731179145171961888, 5, 0, 3389, 3, -1798, 1, 14284, 1243, 1315, 1401, 0, 0, 1043124, 745, 1426, 49, 46, -209, -715, 0
1731179148948154494, 3, 0, 3340, 2, 1799, 1, 14283, 1283, 1409, 1409, 0, 0, 659999, 471, 211, 44, 46, -345, 321, 0
1731179152772623659, 5, 0, 3314, 2, 1797, 1, 14283, 1260, 1340, 1419, 0, 0, 1112499, 794, 1401, 47, 44, -155, -779, 0
1731179156541734424, 3, 0, 3332, 3, 1798, 1, 14282, 1304, 1427, 1432, 0, 0, 590625, 421, 225, 28, 41, -319, 275, 0
1731179158471980727, 4, 0, 3329, 3, 1796, 1, 14283, 1184, 1249, 1322, 0, 0, 1477500, 1055, 1731, 17, 129, 365, -990, 0
1731179160363847212, 5, 0, 3354, 2, 1797, 1, 14284, 1192, 1245, 1340, 0, 0, 1186250, 847, 1424, 46, 45, -189, -825, 0
1731179164120467766, 3, 0, 3380, 2, 1797, 1, 14284, 1251, 1358, 1379, 0, 0, 523125, 373, 312, 55, 58, -298, 224, 0
1731179166058002129, 4, 0, 3391, 2, 1797, 1, 14284, 1180, 1273, 1329, 0, 0, 1559999, 1114, 1825, 9, 140, 444, -1021, 10
1731179167965421342, 5, 0, 3421, 1, 1797, 1, 14284, 1149, 1215, 1313, 0, 0, 1263125, 902, 1471, 54, 51, -233, -871, 0
1731179171728644571, 3, 0, 3427, 4, -1799, 1, 14284, 1235, 1337, 1369, 0, 0, 468749, 334, 459, 41, 90, -298, 151, 0
1731179173673608143, 4, 0, 3432, 2, 1799, 1, 14284, 1137, 1225, 1285, 0, 0, 1641249, 1172, 1968, 14, 109, 649, -975, 10
1731179175590277315, 5, 0, 3417, 6, 1798, 1, 14284, 1116, 1194, 1274, 0, 0, 1341250, 957, 1480, 60, 48, -226, -930, 0
1731179179337562512, 3, 0, 3412, 3, 1799, 1, 14284, 1272, 1353, 1387, 0, 0, 422499, 301, 578, -5, 93, -293, 70, 0
1731179181286395466, 4, 0, 3411, 2, 1797, 1, 14284, 1142, 1205, 1267, 0, 0, 1721249, 1229, 1885, -22, 153, 566, -1091, 10
1731179183210550425, 5, 0, 3408, 1, -1799, 1, 14284, 1135, 1200, 1288, 0, 0, 1421250, 1015, 1465, 73, 49, -249, -983, 0
1731179186957284179, 3, 0, 3382, 1, 1799, 1, 14285, 1293, 1362, 1412, 0, 0, 388124, 277, 714, 60, 98, -276, -15, 0
1731179188921764928, 4, 0, 3389, 2, -1799, 1, 14285, 1041, 1068, 1147, 0, 0, 1805624, 1289, 1769, 81, 85, 399, -1226, 10
1731179190853351827, 5, 0, 3381, 2, 1799, 1, 14285, 1105, 1167, 1261, 0, 0, 1500624, 1071, 1454, 66, 53, -234, -1045, 0
1731179194596881807, 3, 0, 3380, 2, 1798, 1, 14286, 1293, 1285, 1339, 0, 0, 368124, 262, 862, 50, 50, -249, -82, 0
1731179196565853574, 4, 1, 3383, 1, -1798, 1, 14286, 1032, 1025, 941, 0, 0, 1888125, 1348, 2488, 71, 254, 1348, 13, 10
1731179198503829388, 5, 0, 3392, 1, 1799, 1, 14286, 1086, 1135, 1221, 0, 0, 1578124, 1127, 1505, 45, 53, -169, -1114, 0
1731179202244082041, 3, 0, 3387, 1, 1799, 1, 14287, 1279, 1319, 1386, 0, 0, 361250, 258, 975, 44, 44, -226, -124, 0
1731179209092335090, 3, 0, 3381, 2, 1798, 1, 14287, 1280, 1313, 1374, 0, 0, 374999, 267, 1057, 33, 40, -212, -163, 0
1731179216721099557, 3, 0, 3388, 2, 1797, 1, 14288, 1318, 1409, 1463, 0, 0, 404375, 288, 1165, 45, 19, -194, -213, 0
1731179224351151901, 3, 0, 3392, 2, 1797, 1, 14288, 1285, 1387, 1449, 0, 0, 447500, 319, 1249, 15, 29, -180, -264, 0
1731179231994300525, 3, 0, 3391, 2, 1798, 1, 14287, 1263, 1348, 1399, 0, 0, 501874, 358, 1271, 59, 45, -189, -304, 0
1731179239633867561, 3, 0, 3373, 2, 1797, 1, 14287, 1241, 1317, 1385, 0, 0, 560625, 400, 1310, 6, 63, -177, -359, 0
1731179255033854601, 3, 0, 433, 4, 1797, 1, 14288, 1202, 1276, 1299, 0, 0, 725624, 518, 1960, -56, 131, -237, -460, 0
1731179262698681827, 3, 0, 325, 2, -1798, 1, 14289, 1221, 1223, 1285, 0, 0, 795625, 568, 2063, 15, 47, -60, -565, 0
1731179270363561082, 3, 1, 1589, -10, 1781, 1, 14289, 1254, 1387, 1370, 0, 0, 847500, 605, 2982, 8, 100, -394, -459, 0
1731179278027388379, 3, 0, 2040, 2, 1790, 1, 14288, 1247, 1324, 1263, 0, 0, 791249, 565, 16, 49, 24, -216, -522, 0
1731179301152217367, 3, 0, 1682, -2, -1798, 1, 14288, 1237, 1375, 1352, 0, 0, 571250, 408, 3043, -12, 115, -282, -294, 0
1731179315778844875, 3, 0, 1423, 13, -1798, 1, 14286, 1245, 1390, 1391, 0, 0, 557500, 398, 2596, -17, 68, -353, -182, 0
1731179341086246703, 3, 0, 1848, -4, -1797, 1, 14288, 1262, 1385, 1374, 0, 0, 524374, 374, 2974, 8, 74, -345, -144, 0
1731179344074189779, 4, 0, 1785, 0, 1798, 1, 14288, 1113, 1135, 1131, 0, 0, 2016874, 1440, 3592, -20, 103, 18, -1440, 10
1731179352794512754, 3, 0, 1643, 1, 1799, 1, 14286, 1263, 1409, 1411, 0, 0, 520625, 371, 2609, 32, 41, -369, -43, 0
1731179355772327967, 4, 0, 1704, 0, 1776, 0, 14286, 1113, 1169, 1141, 0, 0, 1936250, 1383, 3510, 23, 66, 12, -1382, 10
1731179364492391214, 3, 0, 1876, -2, 1797, 1, 14287, 1231, 1397, 1395, 0, 0, 528749, 377, 2668, 33, 44, -371, 70, 0
1731179367439414473, 4, 0, 1859, 0, -1799, 1, 14287, 1176, 1292, 1285, 0, 0, 1739999, 1243, 138, 30, 58, 169, -1231, 10
1731179376159825228, 3, 0, 1719, 2, -1799, 1, 14287, 1264, 1430, 1457, 0, 0, 555625, 396, 2413, -6, 12, -371, 139, 0
1731179379104228798, 4, 0, 1687, 0, 1799, 1, 14287, 1230, 1350, 1335, 0, 0, 1616249, 1154, 3560, 28, 22, 148, -1145, 10
1731179387832867260, 3, 0, 1676, 1, 1795, 1, 14285, 1257, 1406, 1440, 0, 0, 640625, 457, 2297, 5, 32, -404, 214, 0
1731179390763856088, 4, 0, 1685, 3, 1796, 1, 14285, 1202, 1339, 1321, 0, 0, 1492500, 1066, 3557, 16, 14, 135, -1057, 10
1731179399504888772, 3, 0, 1720, 1, 1797, 1, 14283, 1222, 1354, 1376, 0, 0, 734375, 524, 2313, 18, 39, -451, 267, 0
1731179402420909420, 4, 0, 1738, 1, 1798, 1, 14284, 1193, 1339, 1327, 0, 0, 1366874, 976, 6, 28, 18, 114, -969, 10
1731179411173215668, 3, 0, 1757, 3, 1796, 1, 14283, 1208, 1308, 1344, 0, 0, 827500, 590, 2325, 35, 32, -494, 323, 0
1731179414078321808, 4, 0, 1755, 4, 1796, 1, 14283, 1231, 1349, 1337, 0, 0, 1241875, 886, 21, 34, 35, 100, -881, 10
1731179422838331612, 3, 0, 1729, -1, 1797, 1, 14283, 1223, 1348, 1398, 0, 0, 921874, 658, 2182, 2, 52, -468, 462, 0
1731179425737934464, 4, 0, 1730, -1, 1797, 1, 14283, 1222, 1355, 1342, 0, 0, 1136250, 811, 3579, 16, 16, 69, -808, 10
1731179434501120730, 3, 0, 1668, 1, 1798, 1, 14284, 1206, 1327, 1376, 0, 0, 966875, 690, 2159, -5, 50, -522, 451, 0
1731179437393521917, 4, 0, 1654, 2, 1798, 1, 14283, 1207, 1320, 1297, 0, 0, 1097499, 783, 3507, 24, 23, 73, -780, 10
1731179446166881954, 3, 0, 1607, 4, 1797, 1, 14285, 1196, 1326, 1365, 0, 0, 995624, 711, 2088, 39, 50, -530, 473, 0
1731179449057268723, 4, 0, 1601, 3, 1797, 1, 14285, 1196, 1327, 1305, 0, 0, 1075625, 768, 3464, 34, 31, 85, -763, 10
1731179457824962825, 3, 0, 1534, -2, 1798, 1, 14285, 1256, 1364, 1420, 0, 0, 1018124, 727, 2018, 17, 96, -543, 482, 0
1731179460716481489, 4, 0, 1492, 5, -1799, 1, 14286, 1190, 1303, 1279, 0, 0, 1073125, 766, 3373, 49, 55, 108, -758, 10
1731179471685688099, 4, 0, 1796, 3, -1799, 1, 14284, 1217, 1342, 1334, 0, 0, 1080000, 771, 72, 10, 21, 102, -764, 10
1731179480453647728, 3, 0, 1840, 2, 1799, 1, 14283, 1240, 1391, 1419, 0, 0, 1056875, 754, 2307, 5, 34, -549, 517, 0
1731179483328398132, 4, 0, 1835, 3, -1799, 1, 14283, 1241, 1371, 1360, 0, 0, 972499, 694, 94, 30, 26, 71, -690, 10
1731179492112682236, 3, 0, 1774, 2, 1796, 1, 14282, 1280, 1404, 1439, 0, 0, 1158125, 827, 2176, 21, 45, -534, 631, 0
1731179494970828098, 4, 0, 1741, 1, 1799, 1, 14281, 1279, 1397, 1379, 0, 0, 849374, 606, 5, 31, 28, 67, -602, 10
1731179503766213607, 3, 0, 1696, 3, 1799, 1, 14279, 1191, 1314, 1356, 0, 0, 1272499, 908, 2108, 28, 82, -598, 683, 0
1731179506616553376, 4, 0, 1701, 3, 1796, 1, 14279, 1287, 1431, 1414, 0, 0, 721875, 515, 3558, 16, 12, 51, -512, 10
1731179515422415626, 3, 0, 1714, 3, 1796, 1, 14278, 1131, 1232, 1275, 0, 0, 1394999, 995, 2108, 29, 49, -633, 768, 0
1731179518257920255, 4, 0, 1724, 1, 1796, 1, 14277, 1287, 1424, 1409, 0, 0, 596874, 426, 3557, 15, 12, 24, -425, 10
1731179527070361339, 3, 0, 1723, 2, 1796, 1, 14275, 1077, 1174, 1210, 0, 0, 1511874, 1079, 2011, -10, 99, -521, 944, 0
1731179529899914127, 4, 0, 1725, 3, 1799, 1, 14275, 1304, 1472, 1452, 0, 0, 471875, 336, 3556, 13, 16, 18, -336, 10
1731179541537338604, 4, 0, 1742, 4, 1798, 1, 14273, 1347, 1533, 1512, 0, 0, 348124, 248, 3547, 15, 13, 2, -248, 10
1731179550376548303, 3, 0, 1129, -7, -1794, 1, 14270, 1130, 1218, 1280, 0, 0, 1757499, 1254, 1218, 38, 26, -196, 1238, 0
1731179553179979428, 4, 0, 925, 0, -1793, 1, 14271, 1343, 1560, 1581, 0, 0, 273125, 194, 2427, -5, 16, -96, -169, 10
1731179562026371423, 3, 0, 89, -3, -1788, 1, 14275, 1159, 1272, 1270, 0, 0, 1765625, 1260, 259, 37, 44, -369, 1204, 0
1731179564841629881, 4, 0, 3428, 4, -1798, 1, 14275, 1321, 1447, 1524, 0, 0, 369375, 263, 1414, 40, 45, -96, -245, 10
1731179573665962246, 3, 1, 3344, 2, 1797, 1, 14273, 1155, 1284, 1266, 0, 0, 1659374, 1184, 144, 37, 45, -760, 907, 0
1731179576491331436, 4, 0, 3340, 1, 1795, 1, 14271, 1290, 1378, 1460, 0, 0, 470624, 335, 1419, 47, 47, -69, -328, 10
1731179585308087907, 3, 0, 3399, 1, 1799, 0, 14266, 1172, 1268, 1246, 0, 0, 1543124, 1100, 202, 38, 76, -711, 839, 0
1731179588143521134, 4, 0, 3415, 1, 1799, 1, 14266, 1230, 1328, 1403, 0, 0, 588125, 419, 1496, 56, 67, -86, -410, 10
1731179590994519200, 5, 0, 3407, 2, 1796, 1, 14267, 1233, 1321, 1391, 0, 0, 752500, 536, 1082, 40, 45, -426, -326, 0
1731179596852765516, 3, 0, 3401, 3, -1799, 1, 14270, 1201, 1308, 1303, 0, 0, 1433125, 1022, 204, 40, 60, -660, 780, 0
1731179599711839687, 4, 0, 3397, 3, 1799, 1, 14271, 1227, 1299, 1385, 0, 0, 707499, 504, 1483, 63, 56, -99, -494, 10
1731179602563142629, 5, 0, 3374, 2, 1799, 1, 14271, 1271, 1346, 1416, 0, 0, 796875, 568, 1128, 29, 38, -399, -404, 0
1731179608417018059, 3, 0, 3370, 2, -1798, 1, 14272, 1219, 1337, 1330, 0, 0, 1320624, 942, 206, 40, 55, -649, 683, 0
1731179611276753069, 4, 0, 3367, 3, 1799, 1, 14273, 1208, 1256, 1348, 0, 0, 830000, 592, 1491, 47, 55, -77, -587, 10
1731179614141808473, 5, 0, 3365, 4, 1797, 1, 14273, 1254, 1322, 1393, 0, 0, 851874, 607, 1164, 26, 44, -391, -464, 0
1731179619982376970, 3, 0, 3388, 3, 1797, 1, 14275, 1238, 1356, 1355, 0, 0, 1211875, 864, 230, 46, 47, -602, 620, 0
1731179622861069285, 4, 0, 3363, 2, 1797, 1, 14276, 1161, 1211, 1287, 0, 0, 951875, 679, 1576, 22, 59, 16, -679, 10
1731179625738423745, 5, 0, 3366, 2, 1797, 1, 14276, 1232, 1307, 1373, 0, 0, 922499, 658, 1224, 22, 44, -369, -544, 0
1731179631571561401, 3, 0, 3374, 2, 1798, 1, 14277, 1277, 1395, 1400, 0, 0, 1106875, 790, 257, 35, 43, -589, 526, 0
1731179637396875192, 5, 0, 3377, 2, -1799, 1, 14277, 1222, 1329, 1400, 0, 0, 1004999, 717, 1283, 20, 24, -351, -625, 0
1731179643213934512, 3, 0, 3393, 3, -1799, 1, 14278, 1208, 1314, 1325, 0, 0, 1009374, 720, 303, 31, 45, -559, 453, 0
1731179646109717981, 4, 0, 3387, 3, 1799, 1, 14278, 1146, 1206, 1294, 0, 0, 1197499, 854, 1542, 28, 50, -66, -852, 10
1731179649001994084, 5, 0, 3381, 2, -1799, 1, 14279, 1212, 1318, 1385, 0, 0, 1096249, 782, 1293, 41, 37, -376, -685, 0
1731179654809005327, 3, 0, 3376, 3, 1796, 1, 14279, 1175, 1331, 1345, 0, 0, 918750, 655, 328, 47, 47, -537, 375, 0
1731179657724382557, 4, 0, 3379, 2, 1799, 1, 14279, 1167, 1186, 1279, 0, 0, 1320000, 942, 1524, 30, 50, -90, -938, 10
1731179660622323391, 5, 0, 3384, 2, 1798, 1, 14279, 1227, 1315, 1387, 0, 0, 1193750, 852, 1317, 37, 41, -383, -761, 0
1731179666425284014, 3, 0, 3371, 4, 1798, 1, 14280, 1239, 1322, 1329, 0, 0, 836874, 597, 381, 41, 55, -522, 290, 0
1731179669353028742, 4, 0, 3370, 2, 1797, 1, 14281, 1136, 1208, 1282, 0, 0, 1443125, 1030, 1521, 53, 63, -86, -1026, 10
1731179672265958565, 5, 0, 3374, 2, 1797, 1, 14280, 1164, 1242, 1322, 0, 0, 1293125, 923, 1305, 37, 42, -416, -824, 0
1731179678054165143, 3, 0, 3371, 1, -1799, 1, 14281, 1311, 1389, 1418, 0, 0, 761249, 543, 487, 24, 87, -515, 172, 0
1731179680985580863, 4, 0, 3365, 3, -1799, 1, 14281, 1125, 1184, 1267, 0, 0, 1565625, 1117, 1493, 33, 67, -139, -1109, 10
1731179683900953045, 5, 0, 3369, 1, 1799, 1, 14280, 1176, 1257, 1330, 0, 0, 1398125, 998, 1367, 30, 39, -344, -937, 0
1731179689691066852, 3, 0, 3369, 2, 1798, 1, 14281, 1315, 1385, 1426, 0, 0, 702499, 501, 628, 10, 97, -500, 36, 0
1731179692643013171, 4, 0, 3372, 2, 1799, 1, 14282, 1089, 1163, 1248, 0, 0, 1688750, 1205, 1510, 42, 48, -128, -1199, 10
1731179695574935006, 5, 0, 3381, 1, 1799, 1, 14282, 1209, 1284, 1366, 0, 0, 1506250, 1075, 1400, 49, 45, -333, -1022, 0
1731179701361317053, 3, 0, 3378, 1, -1799, 1, 14282, 1296, 1387, 1424, 0, 0, 664375, 474, 819, 48, 72, -460, -115, 0
1731179704337274353, 4, 0, 3375, 3, 1798, 1, 14282, 1097, 1169, 1244, 0, 0, 1815624, 1296, 1536, 59, 53, -88, -1293, 10
1731179707284290763, 5, 0, 3379, 2, 1797, 1, 14283, 1161, 1230, 1308, 0, 0, 1618750, 1156, 1430, 53, 45, -296, -1117, 0
1731179713071091215, 3, 0, 3381, 2, 1798, 1, 14280, 1252, 1338, 1387, 0, 0, 649999, 464, 907, 19, 50, -428, -177, 0
1731179726918607031, 4, 0, 3383, 0, 1799, 1, 14277, 1102, 1161, 1225, 0, 0, 2056874, 1468, 1556, 17, 58, -67, -1466, 10
1731179729887479563, 5, 1, 3379, 3, 1799, 1, 14278, 1111, 1067, 976, 0, 0, 1844374, 1316, 1867, -68, 148, 635, -1153, 0
1731179735686836297, 3, 0, 3384, 2, 1797, 1, 14278, 1257, 1333, 1389, 0, 0, 703124, 501, 1090, 58, 31, -381, -326, 0
1731179770926154188, 3, 0, 3384, 3, 1799, 1, 14280, 1223, 1335, 1392, 0, 0, 884374, 631, 1312, -20, 30, -288, -561, 0
1731179782631684339, 3, 0, 3393, 2, -1799, 1, 14280, 1205, 1315, 1363, 0, 0, 974375, 695, 1288, 14, 42, -352, -599, 0
1731179797458597516, 4, 0, 1410, 2, 1795, 1, 14286, 1141, 1250, 1224, 0, 0, 2731250, 1951, 3277, 51, 59, 229, -1937, 10
1731179800486261306, 5, 0, 1553, 4, 1790, 1, 14286, 1152, 1260, 1241, 0, 0, 2456875, 1755, 3343, 52, 97, -32, -1754, 0
1731179806321089018, 3, 0, 1681, 3, 1797, 1, 14286, 1232, 1351, 1337, 0, 0, 1071249, 765, 3150, 27, 97, -416, -641, 0
1731179809358085341, 4, 0, 1766, -1, 1799, 1, 14286, 1130, 1235, 1220, 0, 0, 2640625, 1886, 3562, -1, 14, -10, -1886, 10
1731179812369794942, 5, 0, 1772, 3, 1797, 1, 14285, 1164, 1293, 1275, 0, 0, 2357499, 1683, 3495, 38, 23, -223, -1668, 0
1731179818195212437, 3, 0, 1783, 1, 1796, 1, 14283, 1254, 1385, 1369, 0, 0, 986250, 704, 3262, 32, 47, -373, -597, 0
1731179821228546088, 4, 0, 1776, 2, 1796, 1, 14282, 1114, 1226, 1201, 0, 0, 2511875, 1793, 3, 64, 19, 82, -1791, 10
1731179829980503525, 3, 0, 1741, 2, 1797, 1, 14283, 1249, 1375, 1361, 0, 0, 908125, 648, 3091, -4, 142, -458, -458, 0
1731179833001311620, 4, 0, 1736, 2, 1799, 1, 14284, 1111, 1245, 1244, 0, 0, 2386250, 1704, 3545, 2, 27, 29, -1704, 10
1731179841753722217, 3, 0, 1713, 5, 1796, 1, 14285, 1223, 1297, 1279, 0, 0, 853125, 609, 2991, 15, 24, -481, -373, 0
1731179859442044654, 5, 0, 1731, 2, 1797, 1, 14286, 1118, 1225, 1184, 0, 0, 1895000, 1353, 3446, 50, 34, -198, -1339, 0
1731179865247741330, 3, 0, 1741, 3, 1797, 1, 14287, 1244, 1411, 1392, 0, 0, 792500, 566, 2712, 34, 66, -561, -71, 0
1731179876939199752, 3, 0, 1743, 3, 1798, 1, 14286, 1242, 1405, 1402, 0, 0, 787500, 562, 2615, 4, 45, -561, 26, 0
1731179879910922449, 4, 0, 1734, 3, 1799, 1, 14286, 1159, 1280, 1256, 0, 0, 1881249, 1343, 3558, 34, 24, 56, -1342, 10
1731179888658900833, 3, 0, 1741, 3, 1797, 1, 14287, 1283, 1434, 1447, 0, 0, 805000, 575, 2563, 13, 33, -569, 77, 0
1731179891618585201, 4, 0, 1748, 2, 1797, 1, 14287, 1174, 1297, 1275, 0, 0, 1755625, 1254, 3540, 36, 41, -15, -1254, 10
1731179894558614975, 5, 0, 1747, 2, 1797, 1, 14287, 1155, 1278, 1255, 0, 0, 1563749, 1117, 3415, 46, 40, -254, -1087, 0
1731179900368730400, 3, 0, 1736, 3, 1796, 1, 14288, 1273, 1414, 1435, 0, 0, 838125, 598, 2519, -14, 50, -586, 120, 0
1731179903312970369, 4, 0, 1744, 3, 1796, 1, 14287, 1214, 1326, 1307, 0, 0, 1632500, 1166, 3552, -2, 12, 16, -1166, 10
1731179906242325385, 5, 0, 1744, 3, 1799, 1, 14287, 1215, 1346, 1324, 0, 0, 1457500, 1041, 3361, 45, 43, -325, -988, 0
1731179912052754288, 3, 0, 1732, 3, 1797, 1, 14284, 1266, 1408, 1428, 0, 0, 891874, 637, 2446, 0, 38, -603, 203, 0
1731179914990182244, 4, 0, 1740, 3, 1797, 1, 14284, 1147, 1267, 1239, 0, 0, 1508749, 1077, 3516, 16, 31, -43, -1076, 10
1731179917905441297, 5, 0, 1731, 3, 1796, 1, 14284, 1227, 1366, 1342, 0, 0, 1358749, 970, 3323, 67, 55, -343, -907, 0
1731179923725917118, 3, 0, 1733, 4, 1795, 1, 14283, 1257, 1401, 1427, 0, 0, 957499, 683, 2412, -12, 34, -633, 257, 0
1731179926641691772, 4, 0, 1738, 2, 1798, 1, 14282, 1224, 1340, 1315, 0, 0, 1386250, 989, 3507, 17, 26, -53, -988, 10
1731179929552269424, 5, 0, 1736, 0, 1796, 1, 14283, 1252, 1378, 1354, 0, 0, 1264374, 902, 3300, 54, 64, -361, -827, 0
1731179935386999209, 3, 0, 1738, 2, 1797, 1, 14281, 1259, 1396, 1427, 0, 0, 1035000, 739, 2334, -9, 21, -638, 373, 0
1731179938297247243, 4, 0, 1737, 4, 1798, 1, 14281, 1203, 1318, 1293, 0, 0, 1264374, 902, 3496, 6, 20, -63, -900, 10
1731179941196365288, 5, 0, 1738, 4, 1797, 1, 14281, 1258, 1382, 1358, 0, 0, 1175624, 839, 3212, 25, 78, -452, -707, 0
1731179947029743541, 3, 0, 1746, 4, 1797, 1, 14281, 1251, 1404, 1430, 0, 0, 1120000, 799, 2304, -1, 34, -661, 449, 0
1731179949928061132, 4, 0, 1737, 4, 1797, 1, 14281, 1257, 1303, 1278, 0, 0, 1145000, 817, 3470, 31, 28, -94, -812, 10
1731179952811735576, 5, 0, 1733, 2, 1796, 1, 14281, 1260, 1388, 1360, 0, 0, 1093750, 781, 3140, 10, 92, -493, -605, 0
1731179958659948422, 3, 0, 1734, 3, 1798, 1, 14280, 1196, 1326, 1360, 0, 0, 1214375, 867, 2294, 11, 32, -719, 484, 0
1731179961543518090, 4, 0, 1742, 3, 1796, 1, 14280, 1250, 1298, 1264, 0, 0, 1026249, 732, 3467, 25, 25, -95, -726, 10
1731179964425947329, 5, 0, 1741, 3, 1797, 1, 14280, 1217, 1377, 1353, 0, 0, 1026249, 732, 3059, 0, 97, -546, -488, 0
1731179970283645878, 3, 0, 1741, 4, 1797, 1, 14279, 1226, 1365, 1397, 0, 0, 1312499, 937, 2285, 6, 34, -762, 545, 0
1731179973151506151, 4, 0, 1739, 1, 1795, 1, 14279, 1266, 1364, 1338, 0, 0, 906874, 647, 3456, 32, 29, -93, -640, 10
1731179976026552702, 5, 0, 1741, 4, 1796, 1, 14279, 1235, 1341, 1328, 0, 0, 959375, 684, 2961, -6, 130, -580, -363, 0
1731179981891911635, 3, 0, 1736, 3, 1799, 1, 14279, 1179, 1274, 1326, 0, 0, 1416874, 1011, 2241, 5, 33, -781, 642, 0
1731179984750391905, 4, 0, 1740, 4, 1798, 1, 14278, 1249, 1395, 1371, 0, 0, 790000, 563, 3433, 34, 35, -103, -554, 10
1731179987623384472, 5, 0, 1737, 4, 1797, 1, 14278, 1236, 1360, 1356, 0, 0, 911250, 650, 2841, 25, 81, -609, -227, 0
1731179990570269431, 2, 0, 1730, 2, 1797, 1, 14278, 1214, 1287, 1368, 0, 0, 1603750, 1144, 1390, 46, 42, 639, 949, 10
1731179993501174450, 3, 0, 1737, 3, 1797, 1, 14278, 1177, 1214, 1253, 0, 0, 1523124, 1087, 2173, 40, 42, -750, 786, 0
1731179996345175636, 4, 0, 1736, 2, 1796, 1, 14276, 1280, 1419, 1391, 0, 0, 678750, 484, 3405, 59, 40, -109, -471, 10
1731179999217185962, 5, 0, 1731, 2, 1797, 1, 14276, 1236, 1364, 1360, 0, 0, 881874, 629, 2742, 34, 46, -617, -121, 0
1731180002164573021, 2, 0, 1730, 2, 1797, 1, 14275, 1212, 1278, 1350, 0, 0, 1711249, 1221, 1421, 34, 45, 625, 1048, 10
1731180005109042927, 3, 0, 1721, 2, 1797, 1, 14274, 1114, 1193, 1216, 0, 0, 1631874, 1164, 2132, 13, 48, -765, 877, 0
1731180007944845842, 4, 0, 1724, 2, 1796, 1, 14273, 1246, 1401, 1380, 0, 0, 573125, 409, 3326, 44, 52, -138, -384, 10
1731180010812250453, 5, 0, 1719, 2, 1797, 1, 14271, 1251, 1382, 1386, 0, 0, 865000, 617, 2658, 15, 44, -615, -42, 0
1731180015912393821, 3, 0, 1721, 2, 1798, 1, 14269, 1112, 1179, 1206, 0, 0, 1734374, 1237, 2179, 47, 40, -887, 861, 0
1731180018737959864, 4, 0, 1729, 4, 1796, 1, 14269, 1292, 1439, 1420, 0, 0, 486249, 346, 3228, 28, 79, -173, -300, 10
1731180021614041754, 5, 0, 1655, -3, -1761, 1, 14268, 1267, 1395, 1411, 0, 0, 870000, 620, 2550, 9, 37, -620, 5, 0
1731180024577537026, 2, 0, 1186, -9, -1795, 1, 14269, 1225, 1308, 1365, 0, 0, 1906250, 1360, 906, 43, 52, 637, 1201, 10
1731180027546852533, 3, 1, 942, 0, -1793, 1, 14269, 1101, 1208, 1264, 0, 0, 1850000, 1319, 1154, 17, 38, -478, 1230, 0
1731180033366016261, 5, 0, 582, 3, -1799, 1, 14271, 1183, 1293, 1356, 0, 0, 982499, 701, 1429, 41, 51, -698, 64, 0
1731180036335945845, 2, 0, 163, -4, -1781, 1, 14271, 1221, 1333, 1319, 0, 0, 1834374, 1309, 3564, 19, 31, 443, 1231, 10
1731180042122975269, 4, 0, 3370, 3, -1798, 1, 14272, 1240, 1358, 1417, 0, 0, 611874, 436, 1199, 13, 11, -262, -348, 10
1731180045000603896, 5, 1, 3316, 3, 1799, 1, 14271, 1240, 1327, 1374, 0, 0, 1009374, 720, 899, 55, 53, -634, -340, 0
1731180047958583640, 2, 1, 3318, 3, 1797, 1, 14271, 1183, 1297, 1279, 0, 0, 1729999, 1234, 3357, 61, 44, -84, 1231, 10
1731180050913191218, 3, 0, 3335, 2, 1798, 1, 14271, 1130, 1166, 1148, 0, 0, 1732499, 1236, 204, 43, 92, -901, 845, 0
1731180053760864119, 4, 0, 3351, 3, 1798, 1, 14271, 1281, 1375, 1438, 0, 0, 679999, 485, 1279, 50, 36, -221, -431, 10
1731180056642200878, 5, 0, 3389, 2, 1799, 1, 14271, 1208, 1267, 1318, 0, 0, 1007500, 718, 1030, 47, 42, -595, -402, 0
1731180059589430669, 2, 0, 3411, 3, 1798, 1, 14270, 1243, 1362, 1341, 0, 0, 1620625, 1156, 3410, 43, 33, 1, 1156, 10
1731180062520902347, 3, 0, 3434, 3, 1799, 1, 14270, 1112, 1202, 1180, 0, 0, 1627500, 1161, 289, 44, 68, -827, 814, 0
1731180065384556362, 4, 0, 3434, 1, 1799, 1, 14270, 1250, 1258, 1334, 0, 0, 777500, 554, 1340, 41, 54, -271, -483, 10
1731180068267040121, 5, 0, 3429, 1, 1799, 1, 14270, 1265, 1359, 1418, 0, 0, 1038124, 740, 1085, 30, 28, -602, -430, 0
1731180071198145538, 2, 0, 3423, 4, -1798, 1, 14269, 1249, 1391, 1372, 0, 0, 1507500, 1075, 3399, 51, 46, 44, 1074, 10
1731180074120384886, 3, 0, 3404, 1, 1799, 1, 14269, 1118, 1210, 1203, 0, 0, 1528749, 1090, 282, 35, 46, -807, 733, 0
1731180076986248727, 4, 0, 3399, 3, 1799, 1, 14270, 1248, 1339, 1414, 0, 0, 885000, 631, 1368, 34, 39, -247, -580, 10
1731180079869587053, 5, 0, 3366, 1, 1799, 1, 14271, 1243, 1340, 1401, 0, 0, 1079374, 770, 1104, 26, 29, -556, -532, 0
1731180084905820440, 3, 0, 3371, 3, -1799, 1, 14273, 1159, 1217, 1212, 0, 0, 1438749, 1026, 279, 55, 61, -795, 649, 0
1731180087789292681, 4, 0, 3356, 3, -1799, 1, 14274, 1216, 1288, 1363, 0, 0, 982499, 701, 1422, 26, 43, -161, -682, 10
1731180090678359592, 5, 0, 3375, 1, 1798, 1, 14275, 1246, 1338, 1402, 0, 0, 1123750, 802, 1144, 24, 33, -548, -585, 0
1731180096533226870, 3, 0, 3369, 2, -1799, 1, 14276, 1222, 1327, 1331, 0, 0, 1342499, 958, 304, 29, 44, -769, 570, 0
1731180099416843791, 4, 0, 3377, 2, 1799, 1, 14276, 1196, 1213, 1295, 0, 0, 1095000, 781, 1459, 38, 47, -159, -765, 10
1731180102316373347, 5, 0, 3376, 1, 1798, 1, 14277, 1226, 1326, 1389, 0, 0, 1183750, 845, 1173, 26, 39, -545, -645, 0
1731180108158474232, 3, 0, 3379, 3, 1799, 1, 14279, 1221, 1324, 1331, 0, 0, 1254374, 895, 335, 32, 45, -738, 507, 0
1731180111062539672, 4, 0, 3371, 3, 1799, 1, 14279, 1188, 1257, 1347, 0, 0, 1206875, 861, 1430, 42, 47, -208, -835, 10
1731180113968453967, 5, 0, 3378, 4, 1798, 1, 14280, 1208, 1294, 1351, 0, 0, 1255000, 896, 1212, 14, 24, -533, -720, 0
1731180119806879662, 3, 0, 3368, 3, 1798, 1, 14280, 1251, 1341, 1361, 0, 0, 1173125, 837, 386, 47, 57, -737, 396, 0
1731180122719253675, 4, 0, 3376, 3, 1798, 1, 14279, 1139, 1182, 1287, 0, 0, 1325000, 946, 1421, 16, 43, -252, -911, 10
1731180125634837584, 5, 0, 3368, 2, 1798, 1, 14280, 1236, 1325, 1397, 0, 0, 1332499, 951, 1265, 40, 43, -479, -821, 0
1731180131460838995, 3, 0, 3369, 3, 1799, 1, 14280, 1245, 1324, 1349, 0, 0, 1102499, 787, 512, 14, 85, -757, 213, 0
1731180136497611155, 5, 0, 3376, 5, 1798, 1, 14281, 1225, 1313, 1377, 0, 0, 1411250, 1007, 1278, 51, 45, -500, -874, 0
1731180142323594344, 3, 0, 3376, 3, 1799, 1, 14281, 1251, 1326, 1356, 0, 0, 1042500, 744, 564, 8, 103, -730, 145, 0
1731180145255525748, 4, 0, 3379, 2, 1797, 1, 14281, 1143, 1189, 1262, 0, 0, 1552500, 1108, 1456, 29, 46, -234, -1083, 10
1731180148193402681, 5, 0, 3372, 4, 1798, 1, 14281, 1201, 1271, 1354, 0, 0, 1503124, 1073, 1299, 43, 50, -491, -954, 0
1731180154010362130, 3, 0, 3380, 2, 1797, 1, 14281, 1234, 1301, 1341, 0, 0, 989375, 706, 646, 2, 149, -705, 42, 0
1731180159900622800, 5, 0, 3379, 3, 1798, 1, 14281, 1152, 1258, 1312, 0, 0, 1598124, 1141, 1289, 88, 28, -553, -998, 0
1731180171684181616, 5, 0, 3375, 3, 1798, 1, 14283, 1153, 1235, 1310, 0, 0, 1701249, 1215, 1329, 25, 62, -505, -1104, 0
1731180177492974684, 3, 0, 3386, 2, 1798, 1, 14284, 1264, 1350, 1395, 0, 0, 928750, 663, 873, 52, 53, -628, -212, 0
1731180189186343357, 3, 0, 3380, 4, -1799, 1, 14285, 1254, 1353, 1390, 0, 0, 924999, 660, 929, 37, 54, -599, -277, 0
1731180200889286285, 3, 0, 3390, 3, 1799, 1, 14286, 1238, 1314, 1393, 0, 0, 939374, 671, 1011, 60, 43, -568, -355, 0
1731180218603223607, 5, 0, 3385, 3, 1798, 1, 14286, 1129, 1189, 1274, 0, 0, 2136874, 1526, 1443, 95, 49, -372, -1480, 0
1731180224428555954, 3, 0, 3386, 4, -1799, 1, 14286, 1214, 1316, 1366, 0, 0, 1016875, 726, 1159, 13, 66, -491, -534, 0
1731180236144958400, 3, 0, 3375, 2, 1799, 1, 14286, 1201, 1297, 1353, 0, 0, 1076249, 768, 1166, 25, 34, -502, -581, 0
1731180259650338600, 3, 0, 1402, 2, -1792, 1, 14287, 1214, 1386, 1394, 0, 0, 1283749, 917, 2576, -7, 44, -814, -422, 0
1731180265617675201, 5, 0, 1733, 24, -1765, 1, 14287, 1128, 1254, 1234, 0, 0, 2401250, 1715, 3430, 12, 28, -302, -1688, 0
1731180271470881106, 3, 0, 1886, 16, -1798, 1, 14288, 1252, 1400, 1372, 0, 0, 1267499, 905, 3208, 30, 97, -669, -609, 0
1731180274503840176, 4, 0, 1609, 32, 1769, 1, 14288, 1107, 1231, 1193, 0, 0, 2441875, 1744, 3354, 99, 40, -175, -1735, 10
1731180277522078721, 5, 0, 1878, 41, -1780, 1, 14288, 1126, 1243, 1200, 0, 0, 2281875, 1630, 3563, 97, 53, -312, -1599, 0
1731180283373145251, 3, 0, 1782, -14, -1751, 1, 14287, 1226, 1369, 1351, 0, 0, 1220624, 871, 2922, 13, 85, -796, -354, 0
1731180286392194558, 4, 0, 1633, 41, 1761, 1, 14287, 1111, 1222, 1216, 0, 0, 2303124, 1645, 3357, 122, 42, -229, -1629, 10
1731180295165836375, 3, 0, 1837, 38, -1766, 1, 14287, 1234, 1392, 1376, 0, 0, 1195000, 853, 2917, 0, 97, -810, -266, 0
1731180320812498804, 4, 0, 2214, 7, 1793, 1, 14287, 1111, 1230, 1218, 0, 0, 1919374, 1371, 293, 29, 54, -290, -1339, 10
1731180329588072485, 3, 0, 2247, 3, 1796, 1, 14287, 1260, 1394, 1368, 0, 0, 1111249, 793, 3349, 45, 47, -744, -274, 0
1731180332548149591, 4, 0, 2182, 2, -1798, 1, 14287, 1166, 1282, 1287, 0, 0, 1833750, 1310, 285, 29, 47, -220, -1291, 10
1731180335505760249, 5, 0, 2087, 3, -1797, 1, 14287, 1164, 1268, 1260, 0, 0, 1729374, 1235, 55, 65, 45, -484, -1136, 0
1731180341331570744, 3, 1, 1864, 2, -1795, 1, 14287, 1204, 1366, 1363, 0, 0, 1042500, 744, 2634, 29, 37, -725, 166, 0
1731180344284767084, 4, 0, 1752, 2, -1798, 1, 14287, 1197, 1321, 1287, 0, 0, 1712499, 1223, 3502, 14, 18, -105, -1218, 10
1731180347232507050, 5, 0, 1663, 2, -1798, 1, 14286, 1203, 1292, 1263, 0, 0, 1616249, 1154, 3130, 43, 103, -633, -965, 0
1731180353065431388, 3, 0, 1583, 3, 1797, 1, 14285, 1187, 1346, 1381, 0, 0, 1095000, 782, 2316, 3, 20, -749, 224, 0
1731180356009943622, 4, 0, 1572, 3, 1796, 1, 14284, 1177, 1305, 1286, 0, 0, 1614375, 1152, 3303, 55, 69, -137, -1144, 10
1731180358947232955, 5, 0, 1583, 4, 1796, 1, 14283, 1232, 1358, 1337, 0, 0, 1561249, 1115, 2914, 24, 100, -812, -763, 0
1731180364788031779, 3, 0, 1643, 4, 1796, 1, 14282, 1236, 1382, 1412, 0, 0, 1180000, 842, 2383, -30, 18, -810, 232, 0
1731180367726276283, 4, 0, 1677, 2, 1795, 1, 14282, 1203, 1316, 1287, 0, 0, 1514375, 1081, 3381, 63, 38, -180, -1066, 10
1731180370657508848, 5, 0, 1706, 3, 1796, 1, 14282, 1230, 1361, 1340, 0, 0, 1498749, 1070, 3104, 10, 106, -690, -818, 0
1731180376507413457, 3, 0, 1748, 3, 1797, 1, 14283, 1241, 1391, 1411, 0, 0, 1249375, 892, 2436, -30, 26, -832, 321, 0
1731180379422854301, 4, 0, 1754, 3, 1798, 1, 14283, 1226, 1336, 1310, 0, 0, 1403749, 1002, 3428, 38, 30, -218, -978, 10
1731180387390488660, 3, 0, 1770, 3, 1798, 1, 14282, 1233, 1396, 1419, 0, 0, 1308125, 934, 2423, -18, 32, -848, 389, 0
1731180390296872886, 4, 0, 1758, 2, 1798, 1, 14282, 1198, 1327, 1308, 0, 0, 1296875, 926, 3439, 24, 35, -190, -906, 10
1731180393211827675, 5, 0, 1758, 1, 1798, 1, 14281, 1215, 1348, 1328, 0, 0, 1351250, 964, 3082, 6, 97, -711, -651, 0
1731180398213125471, 3, 0, 1753, 1, 1798, 1, 14281, 1206, 1348, 1383, 0, 0, 1374375, 981, 2368, -41, 18, -862, 467, 0
1731180401108500351, 4, 0, 1751, 3, 1798, 1, 14280, 1214, 1349, 1323, 0, 0, 1193125, 851, 3383, 23, 39, -245, -815, 10
1731180404014041022, 5, 0, 1753, 4, 1798, 1, 14280, 1237, 1362, 1345, 0, 0, 1289374, 920, 2996, 0, 100, -760, -518, 0
1731180409885861070, 3, 0, 1732, 4, -1798, 1, 14281, 1159, 1316, 1343, 0, 0, 1456250, 1039, 2309, -9, 24, -879, 555, 0
1731180412769243752, 4, 0, 1737, 4, 1796, 1, 14281, 1164, 1303, 1280, 0, 0, 1085000, 774, 3337, 59, 72, -264, -728, 10
1731180415674756011, 5, 0, 1728, 1, -1799, 1, 14280, 1251, 1377, 1368, 0, 0, 1236250, 882, 2898, 17, 84, -786, -401, 0
1731180421548364200, 3, 0, 1737, 4, -1799, 1, 14280, 1128, 1248, 1285, 0, 0, 1544999, 1103, 2302, -4, 43, -920, 607, 0
1731180424430339165, 4, 0, 1722, 2, 1798, 1, 14279, 1187, 1337, 1319, 0, 0, 988124, 705, 3301, 55, 75, -265, -653, 10
1731180427330007251, 5, 0, 1728, 3, 1797, 1, 14278, 1266, 1394, 1386, 0, 0, 1196250, 854, 2779, 34, 56, -824, -224, 0
1731180433218936820, 3, 0, 1736, 1, 1797, 1, 14278, 1157, 1298, 1341, 0, 0, 1643124, 1173, 2280, -13, 26, -954, 682, 0
1731180436091596325, 4, 0, 1739, 4, 1799, 1, 14277, 1249, 1284, 1269, 0, 0, 893750, 638, 3227, 72, 45, -329, -546, 10
1731180438988849971, 5, 0, 1737, 3, 1798, 1, 14277, 1273, 1407, 1402, 0, 0, 1165624, 832, 2738, 34, 44, -819, -146, 0
1731180447735685781, 4, 0, 1743, 3, 1798, 1, 14276, 1251, 1389, 1373, 0, 0, 806875, 575, 3134, 11, 112, -376, -435, 10
1731180450633050723, 5, 0, 1735, 3, 1799, 1, 14275, 1254, 1398, 1399, 0, 0, 1147499, 819, 2689, 17, 38, -815, -77, 0
1731180459374869002, 4, 0, 1743, 3, 1798, 1, 14274, 1270, 1397, 1371, 0, 0, 732500, 522, 3060, -14, 131, -390, -348, 10
1731180462280380171, 5, 0, 1611, 25, -1768, 1, 14274, 1234, 1377, 1382, 0, 0, 1144374, 816, 2563, -9, 60, -813, -75, 0
1731180465232399461, 2, 0, 1153, -18, -1763, 0, 14274, 1160, 1281, 1319, 0, 0, 1761249, 1257, 965, 0, 47, 407, 1188, 10
1731180477007377311, 2, 1, 181, -18, 1739, 1, 14274, 1199, 1289, 1305, 0, 0, 1696875, 1211, 199, 5, 38, -35, 1210, 10
1731180485806084948, 5, 0, 3115, -4, -1795, 1, 14275, 1170, 1186, 1196, 0, 0, 1351250, 964, 465, 13, 37, -960, -83, 0
1731180494558220345, 4, 0, 3089, 4, 1795, 1, 14275, 1230, 1294, 1373, 0, 0, 922499, 658, 967, 40, 43, -352, -556, 10
1731180497466627461, 5, 1, 3101, 0, 1797, 1, 14276, 1220, 1288, 1332, 0, 0, 1300624, 928, 667, 2, 88, -830, -415, 0
1731180503365720430, 3, 0, 3198, 0, 1796, 1, 14278, 1120, 1265, 1254, 0, 0, 1813750, 1294, 191, 33, 68, -1112, 663, 0
1731180506244363404, 4, 0, 3249, 1, 1796, 1, 14278, 1226, 1300, 1378, 0, 0, 948750, 677, 1158, 22, 48, -328, -592, 10
1731180509150272071, 5, 0, 3311, 2, 1795, 1, 14277, 1224, 1303, 1374, 0, 0, 1281250, 914, 974, 34, 49, -737, -541, 0
1731180512074182622, 2, 0, 3365, 1, 1797, 1, 14277, 1212, 1299, 1228, 0, 0, 1417499, 1011, 3360, 50, 70, 8, 1011, 10
1731180515026162280, 3, 0, 3414, 2, 1797, 1, 14278, 1166, 1187, 1195, 0, 0, 1710625, 1221, 320, 65, 92, -942, 776, 0
1731180517902759942, 4, 0, 3446, 2, 1797, 1, 14278, 1185, 1279, 1336, 0, 0, 1029374, 734, 1380, -2, 60, -328, -657, 10
1731180520815042369, 5, 0, 3455, 3, 1796, 1, 14278, 1272, 1352, 1425, 0, 0, 1316250, 939, 1115, 30, 54, -760, -551, 0
1731180526697032258, 3, 0, 3461, 2, 1798, 1, 14278, 1181, 1164, 1184, 0, 0, 1633750, 1166, 432, 14, 44, -978, 635, 0
1731180532554530328, 5, 0, 3436, 2, 1797, 1, 14278, 1214, 1308, 1379, 0, 0, 1371250, 978, 1131, 29, 51, -755, -622, 0
1731180537689974852, 3, 0, 3421, 2, 1799, 1, 14279, 1149, 1243, 1257, 0, 0, 1561249, 1114, 461, 45, 66, -1001, 489, 0
1731180543547796047, 5, 0, 3389, 2, 1799, 1, 14279, 1241, 1325, 1396, 0, 0, 1421874, 1015, 1134, 29, 52, -724, -711, 0
1731180549405428596, 3, 0, 3376, 2, 1796, 1, 14279, 1187, 1269, 1283, 0, 0, 1484999, 1060, 404, 36, 67, -942, 485, 0
1731180555278832264, 5, 0, 3366, 2, 1797, 1, 14279, 1228, 1320, 1387, 0, 0, 1479999, 1056, 1158, 34, 42, -689, -800, 0
1731180561133250241, 3, 0, 3371, 4, 1798, 1, 14280, 1220, 1287, 1310, 0, 0, 1411874, 1008, 459, 12, 91, -939, 366, 0
1731180567012060612, 5, 0, 3374, 3, 1798, 1, 14281, 1194, 1291, 1350, 0, 0, 1543749, 1102, 1175, 30, 47, -706, -846, 0
1731180572860369198, 3, 0, 3375, 3, 1797, 1, 14281, 1234, 1311, 1337, 0, 0, 1350000, 963, 532, 10, 77, -933, 239, 0
1731180584587186965, 3, 0, 3381, 3, 1797, 1, 14282, 1244, 1330, 1369, 0, 0, 1298125, 927, 655, -2, 101, -926, 42, 0
1731180590481915736, 5, 0, 3384, 3, 1797, 1, 14282, 1203, 1284, 1356, 0, 0, 1696249, 1211, 1259, 34, 55, -649, -1022, 0
1731180596323774655, 3, 0, 3376, 4, 1798, 1, 14281, 1254, 1339, 1382, 0, 0, 1256249, 897, 726, 15, 79, -893, -77, 0
1731180602228355960, 5, 1, 3379, 2, 1797, 1, 14282, 1155, 1129, 1089, 0, 0, 1781875, 1272, 2931, -85, 118, 895, 903, 0
1731180608070328772, 3, 0, 3386, 4, 1798, 1, 14283, 1239, 1328, 1372, 0, 0, 1226250, 875, 816, 39, 68, -853, -196, 0
1731180619791870194, 3, 0, 3381, 2, 1798, 1, 14283, 1217, 1282, 1354, 0, 0, 1209375, 863, 877, 29, 50, -814, -288, 0
1731180631518177215, 3, 0, 3379, 3, 1798, 1, 14285, 1236, 1323, 1370, 0, 0, 1204375, 860, 933, 19, 46, -777, -367, 0
1731180648303244076, 5, 0, 3393, 3, 1798, 1, 14285, 1122, 1235, 1277, 0, 0, 2158750, 1541, 1321, 37, 46, -705, -1371, 0
1731180653980157695, 3, 0, 3383, 4, 1798, 1, 14287, 1238, 1336, 1386, 0, 0, 1231875, 880, 1006, 44, 39, -744, -468, 0
1731180659924996137, 5, 1, 3390, 3, 1796, 1, 14287, 1136, 1110, 948, 0, 0, 2258750, 1613, 2499, 271, 47, 1613, 33, 0
1731180665780669197, 3, 1, 175, -19, 1751, 1, 14286, 1214, 1191, 1154, 0, 0, 1279374, 913, 1128, 187, 240, -907, -107, 0
1731180668814311517, 4, 0, 976, 0, 1780, 1, 14288, 1122, 1225, 1232, 0, 0, 2485000, 1775, 2651, 38, 48, -382, -1733, 10
1731180671840398035, 5, 0, 1539, -5, 1788, 1, 14286, 1177, 1294, 1274, 0, 0, 2377499, 1698, 3010, 32, 111, -923, -1425, 0
1731180677698209480, 3, 0, 1829, 1, 1789, 1, 14283, 1292, 1434, 1413, 0, 0, 1361250, 972, 2989, 10, 100, -873, -427, 0
1731180680709516124, 4, 0, 1965, 2, 1792, 1, 14283, 1161, 1207, 1208, 0, 0, 2403750, 1716, 133, -1, 30, -98, -1713, 10
1731180683714330415, 5, 1, 2043, 1, 1794, 1, 14282, 1155, 1203, 1220, 0, 0, 2286250, 1632, 39, 37, 24, -567, -1530, 0
1731180689561727429, 3, 0, 2004, 4, -1797, 1, 14282, 1275, 1411, 1386, 0, 0, 1278125, 912, 3243, 35, 79, -757, -509, 0
1731180695497704350, 5, 0, 1760, 3, -1795, 1, 14283, 1124, 1197, 1164, 0, 0, 2169375, 1549, 3312, 40, 39, -647, -1407, 0
1731180701349081638, 3, 1, 1524, 1, -1795, 1, 14285, 1241, 1405, 1424, 0, 0, 1249375, 892, 2476, 13, 14, -888, -82, 0
1731180713092075198, 3, 0, 1390, 14, 1778, 1, 14279, 1262, 1418, 1449, 0, 0, 1327499, 947, 2338, -9, 16, -944, -78, 0
1731180735665566798, 3, 0, 1732, 3, 1798, 1, 14279, 1211, 1378, 1384, 0, 0, 1350000, 963, 2596, 27, 33, -962, 58, 0
1731180747414285436, 3, 0, 1706, 4, 1797, 1, 14280, 1211, 1365, 1379, 0, 0, 1381874, 986, 2520, 6, 34, -975, 145, 0
1731180759166329903, 3, 0, 1739, 3, 1796, 1, 14282, 1192, 1341, 1356, 0, 0, 1421874, 1015, 2513, 6, 27, -990, 221, 0
1731180776824463323, 5, 0, 1749, 1, 1798, 1, 14283, 1202, 1317, 1298, 0, 0, 1684374, 1202, 3114, 2, 123, -828, -872, 0
1731180788596976033, 5, 0, 1748, 4, 1797, 1, 14283, 1191, 1313, 1291, 0, 0, 1618124, 1155, 3008, -10, 160, -934, -680, 0
1731180794482605271, 3, 0, 1744, 3, 1798, 1, 14282, 1160, 1299, 1317, 0, 0, 1576249, 1125, 2419, -12, 56, -1040, 430, 0
1731180797403509195, 4, 0, 1737, 2, 1797, 1, 14283, 1154, 1280, 1260, 0, 0, 1394375, 995, 3330, 63, 55, -351, -931, 10
1731180800343688947, 5, 0, 1742, 3, 1798, 1, 14283, 1175, 1303, 1292, 0, 0, 1561249, 1114, 2954, 19, 95, -953, -578, 0
1731180806233629211, 3, 0, 1730, 3, 1797, 1, 14283, 1143, 1267, 1295, 0, 0, 1647500, 1176, 2387, -26, 49, -1072, 482, 0
1731180809146082256, 4, 0, 1729, 1, 1798, 1, 14283, 1229, 1355, 1333, 0, 0, 1301250, 929, 3301, 58, 71, -360, -856, 10
1731180812077763940, 5, 0, 1735, 1, 1797, 1, 14283, 1171, 1288, 1275, 0, 0, 1514999, 1081, 2866, 20, 75, -994, -425, 0
1731180817977419054, 3, 0, 1734, 5, 1796, 1, 14283, 1160, 1247, 1271, 0, 0, 1726875, 1233, 2353, -28, 32, -1088, 579, 0
1731180820876225267, 4, 0, 1737, 4, 1797, 1, 14282, 1184, 1308, 1287, 0, 0, 1215000, 867, 3191, 16, 116, -492, -714, 10
1731180823803883967, 5, 0, 1737, 2, 1799, 1, 14282, 1187, 1339, 1336, 0, 0, 1478124, 1055, 2764, 34, 45, -1029, -232, 0
1731180833897733635, 5, 0, 1742, 2, 1797, 1, 14282, 1168, 1336, 1335, 0, 0, 1451874, 1036, 2747, 43, 45, -1019, -191, 0
1731180844789541075, 5, 1, 2087, 6, 1799, 1, 14283, 1123, 1252, 1223, 0, 0, 1449375, 1035, 3350, 11, 35, -833, -614, 0
1731180850695812455, 3, 0, 2270, 18, -1797, 1, 14283, 1130, 1253, 1238, 0, 0, 1868749, 1334, 2958, 17, 136, -1244, 481, 0
1731180853589908643, 4, 0, 2146, 44, -1774, 1, 14283, 1174, 1334, 1304, 0, 0, 1080000, 771, 3532, 82, 24, -505, -582, 10
1731180856505124308, 5, 0, 2119, 9, 1792, 1, 14283, 1120, 1258, 1242, 0, 0, 1391874, 994, 3395, 43, 42, -786, -607, 0
1731180864457794548, 4, 0, 2286, 9, 1791, 0, 14280, 1273, 1400, 1388, 0, 0, 879374, 627, 135, 36, 38, -362, -512, 10
1731180867357706972, 5, 0, 2264, -22, -1795, 1, 14278, 1253, 1388, 1361, 0, 0, 1180000, 842, 3481, 18, 22, -716, -442, 0
1731180873260649550, 3, 0, 2295, 9, -1797, 1, 14277, 1100, 1180, 1172, 0, 0, 1775000, 1267, 2799, 6, 43, -977, 806, 0
1731180876107849675, 4, 0, 2323, 3, -1793, 1, 14276, 1290, 1391, 1407, 0, 0, 644375, 459, 239, 29, 42, -219, -404, 10
1731180878987577457, 5, 0, 2262, 8, -1794, 1, 14275, 1210, 1373, 1352, 0, 0, 947499, 676, 3445, 32, 34, -594, -321, 0
1731180886891987378, 4, 0, 2233, 12, 1795, 1, 14274, 1303, 1452, 1449, 0, 0, 437500, 312, 227, 31, 43, -110, -291, 10
1731180889751694171, 5, 0, 2216, 7, 1797, 0, 14274, 1259, 1409, 1388, 0, 0, 736250, 525, 3369, 51, 45, -474, -225, 0
1731180892737725714, 2, 0, 2229, -7, 1792, 0, 14276, 1147, 1294, 1331, 0, 0, 2015000, 1438, 2158, 24, 52, 175, 1427, 10
1731180895700125185, 3, 0, 2267, 9, 1794, 0, 14276, 1115, 1273, 1273, 0, 0, 1747499, 1247, 2595, 37, 33, -678, 1046, 0
1731180898495285735, 4, 0, 2285, 10, 1796, 0, 14276, 1353, 1522, 1566, 0, 0, 233125, 166, 755, 20, 79, 75, -148, 10
1731180901330006002, 5, 0, 2302, -19, -1792, 0, 14276, 1259, 1378, 1355, 0, 0, 501874, 358, 3232, 36, 64, -357, -18, 0
1731180904341393348, 2, 0, 2317, -44, -1797, 0, 14276, 1125, 1241, 1298, 0, 0, 2256250, 1610, 2228, 14, 40, 246, 1591, 10
1731180907302692335, 3, 0, 2314, -12, 1798, 1, 14276, 1086, 1206, 1217, 0, 0, 1772499, 1265, 2599, 20, 50, -604, 1111, 0
1731180910117054319, 4, 0, 2380, 8, 1798, 1, 14276, 1336, 1476, 1545, 0, 0, 264999, 189, 1294, 43, 31, 179, -60, 10
1731180912936772571, 5, 0, 2402, 2, -1799, 1, 14276, 1275, 1426, 1395, 0, 0, 394999, 281, 3289, 55, 72, -281, 6, 0
1731180915953274867, 2, 0, 2370, 4, 1798, 1, 14277, 1131, 1242, 1275, 0, 0, 2317500, 1654, 2297, -2, 22, 209, 1641, 10
1731180918916354960, 3, 0, 2358, 4, 1799, 1, 14276, 1087, 1189, 1192, 0, 0, 1775000, 1267, 2613, 13, 43, -547, 1142, 0
1731180921724851355, 4, 0, 2354, 4, 1799, 1, 14276, 1338, 1488, 1551, 0, 0, 275625, 196, 1269, 21, 24, 186, -62, 10
1731180924551316482, 5, 0, 2376, 3, 1799, 1, 14276, 1307, 1451, 1430, 0, 0, 380624, 271, 3201, 13, 90, -269, 35, 0
1731180927570247929, 2, 0, 2400, 4, 1799, 1, 14277, 1117, 1242, 1263, 0, 0, 2334375, 1666, 2331, -1, 38, 200, 1654, 10
1731180930533242762, 3, 0, 2423, 22, -1797, 1, 14278, 1099, 1226, 1223, 0, 0, 1780624, 1271, 2664, 8, 39, -521, 1159, 0
1731180933350094243, 4, 0, 2324, 2, -1799, 1, 14277, 1340, 1490, 1554, 0, 0, 289374, 206, 1277, 28, 30, 199, -52, 10
1731180936169285698, 5, 0, 2304, 2, 1797, 1, 14277, 1314, 1470, 1455, 0, 0, 367499, 262, 2998, 0, 96, -245, 92, 0
1731180939191970391, 2, 0, 2275, 2, 1797, 1, 14276, 1106, 1209, 1260, 0, 0, 2359374, 1684, 2171, 18, 42, 301, 1657, 10
1731180942154910845, 3, 0, 2247, 1, 1799, 1, 14277, 1106, 1241, 1260, 0, 0, 1788124, 1276, 2500, -3, 22, -545, 1153, 0
1731180944973323723, 4, 0, 2215, 4, 1797, 1, 14277, 1339, 1498, 1553, 0, 0, 302499, 215, 1223, 22, 32, 213, -34, 10
1731180947792346408, 5, 0, 2203, 2, 1798, 1, 14277, 1324, 1477, 1473, 0, 0, 359999, 256, 2771, 36, 56, -215, 140, 0
1731180950811759639, 2, 1, 2145, 3, 1797, 1, 14277, 1031, 1048, 947, 0, 0, 2379374, 1698, 3075, -844, 347, -1697, -52, 10
1731180953770025048, 3, 0, 2066, 31, -1793, 1, 14277, 1082, 1220, 1245, 0, 0, 1797499, 1283, 2315, -4, 20, -541, 1163, 0
1731180956573173893, 4, 0, 1984, 20, 1793, 1, 14277, 1337, 1476, 1536, 0, 0, 303125, 216, 1016, 31, 40, 214, -26, 10
1731180959387660379, 5, 0, 2024, 14, 1793, 1, 14277, 1306, 1471, 1479, 0, 0, 369375, 263, 2586, 13, 44, -219, 146, 0
1731180962412531655, 2, 0, 2083, 3, 1793, 1, 14277, 1096, 1194, 1237, 0, 0, 2410000, 1720, 2109, 39, 107, -80, 1718, 10
1731180965380373839, 3, 0, 2092, 4, 1798, 1, 14276, 1113, 1258, 1285, 0, 0, 1830000, 1306, 2352, 6, 23, -573, 1173, 0
1731180968199910155, 4, 0, 2082, 4, 1798, 1, 14276, 1343, 1492, 1550, 0, 0, 316250, 225, 1178, 32, 36, 225, -1, 10
1731180971019624048, 5, 0, 2079, 4, 1795, 1, 14276, 1283, 1454, 1462, 0, 0, 376875, 269, 2590, 21, 42, -209, 168, 0
1731180974053129684, 2, 1, 2063, 5, 1799, 1, 14276, 1113, 1169, 1246, 0, 0, 2445000, 1745, 1959, 38, 112, 312, 1717, 10
1731180977014196002, 3, 0, 2040, 5, 1797, 1, 14277, 1077, 1219, 1241, 0, 0, 1851249, 1321, 2300, 0, 35, -580, 1187, 0
1731180979829675821, 4, 0, 2018, 4, 1797, 1, 14277, 1346, 1489, 1550, 0, 0, 323125, 230, 1163, 30, 28, 229, 18, 10
1731180982661115888, 5, 0, 2052, 4, 1796, 1, 14277, 1287, 1448, 1457, 0, 0, 384375, 274, 2562, 5, 43, -213, 172, 0
1731180985688710953, 2, 0, 2062, 3, 1798, 1, 14277, 1115, 1203, 1257, 0, 0, 2459374, 1755, 1940, -15, 91, 370, 1716, 10
1731180988660338748, 3, 0, 2105, 4, -1799, 1, 14277, 1117, 1247, 1278, 0, 0, 1860624, 1328, 2375, -18, 19, -602, 1183, 0
1731180991472814046, 4, 0, 2137, 3, 1797, 1, 14278, 1333, 1479, 1540, 0, 0, 321874, 229, 1280, 35, 31, 228, 17, 10
1731180994297028057, 5, 0, 2155, 4, 1799, 1, 14277, 1292, 1449, 1452, 0, 0, 390624, 278, 2648, 26, 43, -211, 181, 0
1731181000215097689, 3, 0, 2143, 3, 1798, 1, 14277, 1102, 1223, 1254, 0, 0, 1868749, 1334, 2431, -15, 33, -643, 1168, 0
1731181003034570030, 4, 0, 2143, 4, 1798, 1, 14277, 1335, 1480, 1541, 0, 0, 316250, 225, 1284, 33, 34, 225, 16, 10
1731181005862674348, 5, 0, 2128, 4, 1799, 1, 14277, 1285, 1444, 1447, 0, 0, 396875, 283, 2614, 25, 46, -212, 187, 0
1731181011765655621, 3, 0, 2088, 7, 1795, 1, 14278, 1101, 1244, 1275, 0, 0, 1870624, 1335, 2337, 0, 30, -563, 1210, 0
1731181014583785279, 4, 0, 2179, 2, 1798, 1, 14278, 1326, 1493, 1549, 0, 0, 309999, 221, 1316, 30, 38, 220, 14, 10
1731181017403810751, 5, 0, 2241, 4, 1798, 1, 14278, 1282, 1438, 1432, 0, 0, 401250, 286, 2753, 38, 45, -223, 179, 0
1731181020442130086, 2, 0, 2290, 1, 1797, 1, 14278, 1123, 1235, 1273, 0, 0, 2468750, 1762, 2188, 16, 44, 310, 1734, 10
1731181023414168859, 3, 0, 2325, 2, 1797, 1, 14279, 1088, 1233, 1240, 0, 0, 1876875, 1339, 2571, 6, 52, -558, 1218, 0
1731181026230843805, 4, 0, 2350, 3, 1796, 1, 14279, 1293, 1415, 1486, 0, 0, 319999, 228, 1456, 29, 46, 228, 2, 10
1731181029057068502, 5, 0, 2365, 4, 1798, 1, 14278, 1297, 1442, 1429, 0, 0, 402499, 287, 2895, 20, 80, -229, 172, 0
1731181032091909497, 2, 0, 2383, 2, 1798, 1, 14278, 1117, 1222, 1259, 0, 0, 2474375, 1766, 2269, 22, 30, 347, 1731, 10
1731181035066152585, 3, 0, 2383, 3, 1797, 1, 14278, 1103, 1243, 1248, 0, 0, 1881875, 1343, 2609, 32, 53, -517, 1240, 0
1731181037885751910, 4, 0, 2383, 3, 1797, 1, 14278, 1292, 1405, 1489, 0, 0, 316250, 225, 1489, 34, 51, 225, 2, 10
1731181040704985567, 5, 0, 2369, 3, 1799, 1, 14278, 1293, 1436, 1425, 0, 0, 409999, 292, 2880, 23, 72, -227, 183, 0
1731181043737950325, 2, 0, 2364, 2, 1798, 1, 14279, 1089, 1214, 1235, 0, 0, 2476875, 1768, 2272, -18, 39, 279, 1746, 10
1731181046707724802, 3, 0, 2346, 2, 1797, 1, 14279, 1066, 1208, 1220, 0, 0, 1893125, 1351, 2562, 26, 43, -499, 1256, 0
1731181052482392852, 5, 0, 2293, 3, 1799, 1, 14280, 1280, 1431, 1427, 0, 0, 418124, 298, 2774, 38, 46, -222, 198, 0
1731181055509653333, 2, 0, 2276, 3, 1797, 1, 14280, 1110, 1210, 1250, 0, 0, 2473750, 1766, 2166, 26, 43, 333, 1734, 10
1731181058479354139, 3, 0, 2233, 2, 1798, 1, 14280, 1104, 1252, 1275, 0, 0, 1892499, 1351, 2477, -4, 50, -558, 1230, 0
1731181061290058985, 4, 0, 2190, 2, 1799, 1, 14280, 1335, 1486, 1551, 0, 0, 298125, 212, 1330, 27, 36, 212, 14, 10
1731181064116028375, 5, 0, 2169, 3, 1798, 1, 14280, 1270, 1422, 1427, 0, 0, 428124, 305, 2646, 29, 42, -226, 205, 0
1731181070030989111, 3, 0, 2257, 4, 1799, 1, 14280, 1068, 1207, 1222, 0, 0, 1895624, 1353, 2522, 10, 44, -605, 1210, 0
1731181072844648264, 4, 0, 2348, 25, 1784, 1, 14279, 1311, 1415, 1497, 0, 0, 284374, 203, 1454, 34, 49, 202, 2, 10
1731181075661927174, 5, 0, 2930, 0, 1782, 1, 14278, 1298, 1447, 1433, 0, 0, 412499, 294, 19, 14, 34, -274, 105, 0
1731181078689460429, 2, 0, 3241, 0, 1790, 1, 14276, 1119, 1240, 1214, 0, 0, 2441875, 1743, 3258, 88, 77, -50, 1742, 10
1731181081647771589, 3, 0, 3492, 3, 1787, 1, 14276, 1152, 1278, 1277, 0, 0, 1808124, 1290, 132, 13, 32, -524, 1179, 0
1731181084461227898, 4, 0, 71, 1, 1789, 1, 14275, 1338, 1521, 1526, 0, 0, 332499, 237, 2628, 22, 41, 229, -58, 10
1731181087273514053, 5, 0, 200, 1, 1792, 1, 14275, 1335, 1447, 1507, 0, 0, 327499, 233, 995, 26, 40, -229, 42, 0
1731181090281247737, 2, 1, 300, 1, 1796, 1, 14275, 1177, 1300, 1293, 0, 0, 2283124, 1629, 35, 7, 18, 724, 1459, 10
1731181093225242423, 3, 0, 330, 0, 1798, 1, 14275, 1125, 1195, 1217, 0, 0, 1674999, 1195, 465, 41, 79, -277, 1162, 0
1731181096040964010, 4, 0, 311, 3, -1798, 1, 14276, 1332, 1524, 1543, 0, 0, 342499, 244, 2508, -3, 34, 156, -187, 10
1731181098868152341, 5, 0, 296, 2, -1799, 1, 14276, 1294, 1399, 1463, 0, 0, 408750, 291, 1238, 36, 34, -290, -21, 0
1731181101857429985, 2, 1, 259, 1, -1799, 1, 14276, 1175, 1316, 1301, 0, 0, 2079375, 1484, 4, 16, 14, 639, 1339, 10
1731181104789234029, 3, 0, 234, 3, 1798, 1, 14278, 1110, 1149, 1164, 0, 0, 1558124, 1112, 465, -28, 98, -435, 1023, 0
1731181107614389663, 4, 0, 216, 2, 1796, 1, 14279, 1256, 1361, 1406, 0, 0, 460000, 328, 2283, -11, 30, 147, -293, 10
1731181112603695047, 2, 0, 185, 0, -1799, 1, 14279, 1217, 1338, 1321, 0, 0, 1885624, 1346, 3559, 35, 42, 516, 1243, 10
1731181115526015635, 3, 0, 181, 0, -1798, 1, 14279, 1180, 1251, 1270, 0, 0, 1443749, 1030, 449, 29, 74, -464, 920, 0
1731181118369759919, 4, 0, 185, 3, 1797, 1, 14279, 1229, 1349, 1396, 0, 0, 626250, 447, 2138, 19, 66, 118, -430, 10
1731181121234830843, 5, 0, 175, 3, 1799, 1, 14278, 1255, 1365, 1423, 0, 0, 699375, 499, 1392, 47, 44, -424, -262, 0
1731181124182285768, 2, 0, 176, 2, -1799, 1, 14279, 1247, 1378, 1363, 0, 0, 1678750, 1198, 3552, 13, 12, 455, 1108, 10
1731181127090189553, 3, 0, 175, 1, 1798, 1, 14279, 1193, 1268, 1303, 0, 0, 1331250, 950, 587, 0, 84, -625, 715, 0
1731181129954627716, 4, 0, 174, 4, -1799, 1, 14279, 1223, 1329, 1366, 0, 0, 818125, 584, 2068, 34, 61, 96, -576, 10
1731181132822136745, 5, 0, 191, 3, 1797, 1, 14279, 1188, 1238, 1331, 0, 0, 884374, 631, 1436, 31, 47, -520, -358, 0
1731181135753005885, 2, 0, 183, 2, 1797, 1, 14279, 1223, 1359, 1347, 0, 0, 1472500, 1051, 3564, 10, 20, 391, 975, 10
1731181138651829033, 3, 0, 187, 3, 1798, 1, 14280, 1220, 1296, 1342, 0, 0, 1251875, 893, 752, 30, 73, -744, 494, 0
1731181141534983657, 4, 0, 179, 1, -1799, 1, 14280, 1185, 1216, 1244, 0, 0, 1016249, 725, 1990, -25, 114, 14, -725, 10
1731181144430334241, 5, 0, 186, 2, 1798, 1, 14281, 1178, 1251, 1334, 0, 0, 1076875, 768, 1483, 31, 51, -591, -491, 0
1731181150268686247, 3, 0, 177, 2, 1797, 1, 14282, 1224, 1300, 1358, 0, 0, 1203125, 859, 868, 36, 53, -802, 307, 0
1731181153176132228, 4, 0, 172, 1, 1796, 1, 14282, 1159, 1266, 1305, 0, 0, 1216875, 869, 2044, -36, 68, 108, -862, 10
1731181161958197155, 3, 0, 3543, 1, -1789, 1, 14282, 1186, 1224, 1267, 0, 0, 1168125, 834, 625, 19, 89, -774, 310, 0
1731181164886648678, 4, 1, 3353, 2, -1789, 1, 14282, 1200, 1272, 1358, 0, 0, 1421874, 1015, 1402, 53, 45, -265, -980, 10
1731181167802024861, 5, 0, 3170, 4, -1792, 1, 14282, 1210, 1312, 1364, 0, 0, 1429375, 1020, 1088, 36, 35, -483, -898, 0
1731181173619685496, 3, 0, 2904, 3, -1793, 1, 14284, 1227, 1356, 1357, 0, 0, 1011875, 722, 121, 23, 37, -715, 104, 0
1731181176562183966, 4, 0, 2856, 3, 1798, 1, 14284, 1133, 1173, 1249, 0, 0, 1544375, 1103, 1145, 71, 44, 169, -1089, 10
1731181179478108908, 5, 0, 2858, 1, 1796, 1, 14284, 1197, 1230, 1304, 0, 0, 1441250, 1029, 959, 18, 53, -178, -1013, 0
1731181185278374663, 3, 0, 2936, 3, 1795, 1, 14285, 1298, 1421, 1415, 0, 0, 811249, 579, 182, 32, 57, -576, 54, 0
1731181188225806265, 4, 0, 2995, 3, 1795, 1, 14285, 1146, 1234, 1293, 0, 0, 1650625, 1179, 1300, 44, 30, 215, -1159, 10
1731181191153339865, 5, 0, 3040, 3, 1796, 1, 14286, 1146, 1228, 1296, 0, 0, 1488749, 1063, 1168, 39, 49, -132, -1055, 0
1731181196931682548, 3, 0, 3094, 2, 1798, 1, 14286, 1298, 1405, 1432, 0, 0, 643125, 459, 358, 57, 69, -458, 29, 0
1731181199894620014, 4, 0, 3092, 0, 1799, 1, 14286, 1109, 1183, 1266, 0, 0, 1815624, 1296, 1324, 9, 41, 73, -1294, 10
1731181208599265097, 3, 0, 3054, 3, 1799, 1, 14288, 1272, 1335, 1381, 0, 0, 520000, 371, 555, 4, 66, -349, -127, 0
1731181211585573161, 4, 0, 3048, 2, 1799, 1, 14288, 1101, 1195, 1258, 0, 0, 1990624, 1422, 1338, 35, 44, 223, -1404, 10
1731181214544593318, 5, 0, 3044, 3, 1798, 1, 14288, 1129, 1190, 1246, 0, 0, 1733124, 1238, 1254, 11, 48, 23, -1237, 0
1731181217451150743, 2, 0, 3051, 3, 1799, 1, 14288, 1248, 1383, 1415, 0, 0, 1266875, 905, 2348, -19, 13, 851, 305, 10
1731181220270924609, 3, 0, 3063, 4, 1798, 1, 14288, 1286, 1357, 1408, 0, 0, 451249, 322, 883, 35, 50, -198, -253, 0
1731181223266030302, 4, 1, 3064, 2, 1797, 1, 14289, 1102, 1074, 968, 0, 0, 2166875, 1548, 3158, -56, 250, -254, 1527, 10
1731181229132146120, 2, 0, 3349, -2, 1753, 1, 14288, 1245, 1400, 1401, 0, 0, 1401250, 1001, 2650, 23, 38, 939, 345, 10
1731181273310124693, 5, 0, 721, 2, 1794, 1, 14294, 1135, 1243, 1281, 0, 0, 2158750, 1542, 2321, 51, 38, -524, -1451, 0
1731181285148746274, 5, 0, 1435, -5, 1761, 1, 14289, 1145, 1250, 1230, 0, 0, 2256875, 1612, 2932, 10, 168, -810, -1393, 0
1731181290999670063, 3, 0, 2049, 9, 1759, 1, 14288, 1234, 1373, 1344, 0, 0, 1236250, 883, 3326, 63, 84, -701, -536, 0
1731181293994615233, 4, 0, 2286, -4, 1782, 1, 14288, 1112, 1173, 1149, 0, 0, 2228750, 1592, 541, 26, 30, 151, -1585, 10
1731181301993494584, 3, 0, 2829, 4, 1789, 1, 14288, 1230, 1339, 1340, 0, 0, 1086249, 776, 428, 31, 59, -673, -385, 0
1731181335532507881, 3, 0, 2437, 2, 1793, 1, 14291, 1272, 1389, 1372, 0, 0, 589374, 421, 184, 33, 65, -299, -295, 0
1731181338524391112, 4, 0, 2482, 1, 1796, 1, 14291, 1139, 1210, 1260, 0, 0, 2158750, 1542, 955, 23, 54, 707, -1370, 10
1731181341493014529, 5, 0, 2490, 2, 1796, 1, 14292, 1119, 1173, 1219, 0, 0, 1845624, 1318, 839, 63, 69, 337, -1275, 0
1731181347253313453, 3, 0, 2310, 20, -1762, 1, 14290, 1263, 1354, 1342, 0, 0, 409375, 292, 103, 9, 31, -190, -221, 0
1731181350242266009, 4, 1, 1874, -10, -1780, 1, 14288, 1145, 1275, 1264, 0, 0, 2130000, 1521, 184, 37, 48, 292, -1493, 10
1731181353194573239, 5, 0, 1474, 19, -1741, 1, 14288, 1093, 1169, 1164, 0, 0, 1718750, 1227, 3271, -28, 88, -7, -1227, 0
1731181356110244726, 2, 0, 1202, -11, -1781, 1, 14287, 1242, 1376, 1374, 0, 0, 1372499, 980, 207, 29, 41, 967, -160, 10
1731181358935905752, 3, 0, 969, -6, -1794, 1, 14286, 1256, 1354, 1404, 0, 0, 383750, 274, 1987, 29, 104, -268, -56, 0
1731181361919792779, 4, 1, 697, 2, -1790, 1, 14286, 1113, 1266, 1282, 0, 0, 2015000, 1439, 2490, 2, 21, -16, -1439, 10
1731181370636464859, 3, 1, 306, 4, 1791, 1, 14285, 1196, 1196, 1211, 0, 0, 545000, 389, 2818, 351, 89, 368, -124, 0
1731181375780174599, 5, 0, 581, 0, 1787, 1, 14286, 1135, 1235, 1267, 0, 0, 1888125, 1348, 2349, 13, 22, -73, -1346, 0
1731181415808904259, 3, 0, 1552, 24, 1758, 1, 14286, 1244, 1367, 1358, 0, 0, 1243125, 888, 2915, 13, 76, -613, -641, 0
1731181450035087541, 3, 0, 2266, 2, 1798, 1, 14290, 1241, 1341, 1331, 0, 0, 758749, 542, 3491, 25, 29, -457, -291, 0
1731181461691767020, 3, 0, 2449, 0, 1797, 1, 14288, 1289, 1431, 1416, 0, 0, 529374, 378, 42, 8, 44, -329, -185, 0
1731181466794898199, 5, 0, 2493, 0, 1797, 1, 14287, 1118, 1119, 1175, 0, 0, 1673124, 1195, 784, 4, 79, 187, -1180, 0
1731181472552191338, 3, 0, 2291, 24, -1756, 1, 14287, 1269, 1409, 1385, 0, 0, 333125, 237, 3475, 16, 24, -208, -113, 0
1731181475529140247, 4, 0, 1895, -9, -1779, 1, 14285, 1119, 1190, 1182, 0, 0, 1944374, 1388, 217, 50, 43, 295, -1356, 10
1731181478465600009, 5, 0, 1685, 4, -1787, 1, 14284, 1117, 1240, 1229, 0, 0, 1536250, 1097, 3480, 19, 36, -6, -1097, 0
1731181481380948505, 2, 0, 1390, 35, -1750, 1, 14285, 1236, 1339, 1371, 0, 0, 1419999, 1014, 547, 16, 94, 1008, 103, 10
1731181487285821685, 4, 1, 823, 2, -1790, 1, 14286, 1068, 1153, 1167, 0, 0, 1810624, 1293, 2587, 4, 40, -79, -1290, 10
1731181490224386366, 5, 0, 613, 3, -1793, 1, 14287, 1159, 1273, 1298, 0, 0, 1516874, 1083, 2297, -30, 36, -216, -1061, 0
1731181495153991026, 3, 0, 568, 3, 1793, 1, 14287, 1276, 1367, 1446, 0, 0, 501249, 358, 1409, 35, 45, -356, 36, 0
1731181498126301054, 4, 0, 669, 0, 1794, 1, 14287, 1110, 1239, 1263, 0, 0, 1875624, 1339, 2539, -13, 80, 164, -1329, 10
1731181501071808648, 5, 0, 799, 2, 1794, 1, 14288, 1110, 1249, 1271, 0, 0, 1641874, 1172, 2430, -23, 76, -339, -1122, 0
1731181506865463439, 3, 0, 983, 3, 1796, 1, 14286, 1256, 1345, 1408, 0, 0, 701875, 501, 1907, 5, 118, -500, -21, 0
1731181509840822772, 4, 1, 1023, 1, 1799, 1, 14286, 1142, 1259, 1249, 0, 0, 1898125, 1355, 2648, 45, 42, -405, -1293, 10
1731181518598297475, 3, 0, 937, 5, -1798, 1, 14290, 1211, 1295, 1360, 0, 0, 913750, 652, 1774, 0, 134, -648, 71, 0
1731181541163743204, 3, 0, 1791, -52, 1782, 1, 14291, 1199, 1358, 1356, 0, 0, 1259374, 899, 2612, 6, 50, -891, 121, 0
1731181552884916257, 3, 0, 2606, 0, 1798, 1, 14290, 1234, 1366, 1355, 0, 0, 1108125, 791, 42, 15, 21, -769, -186, 0
1731181563789678075, 3, 0, 2417, 3, -1796, 1, 14291, 1252, 1383, 1354, 0, 0, 916874, 655, 3483, 24, 22, -627, -187, 0
1731181569672095277, 5, 0, 2358, 1, 1799, 1, 14291, 1161, 1235, 1247, 0, 0, 1598124, 1141, 348, 20, 42, -410, -1065, 0
1731181575471882336, 3, 0, 2385, 0, 1796, 1, 14290, 1310, 1445, 1424, 0, 0, 725000, 518, 3442, 37, 33, -498, -140, 0
1731181578416314902, 4, 0, 2420, 3, 1798, 1, 14290, 1160, 1203, 1259, 0, 0, 1716875, 1226, 869, 46, 53, 514, -1113, 10
1731181581336534923, 5, 0, 2443, 5, 1797, 1, 14290, 1184, 1249, 1286, 0, 0, 1472500, 1052, 573, -6, 97, -128, -1044, 0
1731181587110241469, 3, 0, 2477, 4, 1796, 1, 14289, 1249, 1396, 1373, 0, 0, 530000, 378, 3420, 53, 38, -377, -28, 0
1731181590058141374, 4, 0, 2477, 1, 1798, 1, 14289, 1160, 1231, 1290, 0, 0, 1703124, 1216, 975, 45, 49, 604, -1056, 10
1731181592973396570, 5, 0, 2466, 3, 1799, 1, 14289, 1200, 1251, 1304, 0, 0, 1391874, 994, 763, 30, 77, 166, -980, 0
1731181598734968796, 3, 0, 1823, -5, -1787, 1, 14288, 1286, 1426, 1450, 0, 0, 403124, 288, 2412, -18, 9, -246, 148, 0
1731181601680679396, 4, 1, 1677, 1, -1787, 1, 14288, 1183, 1290, 1275, 0, 0, 1602500, 1144, 3581, 26, 27, 208, -1125, 10
1731181604586956404, 5, 1, 1313, 18, -1760, 1, 14288, 1212, 1349, 1340, 0, 0, 1216250, 868, 2855, 18, 80, -373, -784, 0
1731181607510023342, 2, 0, 1029, 0, -1789, 1, 14287, 1183, 1298, 1308, 0, 0, 1420624, 1014, 200, 26, 42, 1007, 124, 10
1731181610350778242, 3, 0, 804, 2, -1791, 1, 14287, 1317, 1452, 1505, 0, 0, 566874, 404, 1209, 14, 10, -263, 307, 0
1731181613289163212, 4, 0, 627, 5, -1797, 1, 14287, 1197, 1318, 1339, 0, 0, 1531874, 1094, 2444, 9, 28, 32, -1093, 10
1731181616201992176, 5, 0, 520, 5, 1796, 1, 14287, 1185, 1285, 1333, 0, 0, 1292499, 923, 2232, 19, 37, -140, -912, 0
1731181619100986309, 2, 1, 559, 4, 1794, 1, 14286, 1260, 1419, 1399, 0, 0, 1237499, 883, 3562, -2, 43, 763, 446, 10
1731181621950874949, 3, 0, 658, 3, 1790, 1, 14286, 1298, 1416, 1466, 0, 0, 660624, 471, 1289, 41, 39, -421, 212, 0
1731181624893233185, 4, 0, 794, 2, 1791, 1, 14286, 1165, 1310, 1321, 0, 0, 1613124, 1152, 2559, 13, 47, -68, -1150, 10
1731181627817192174, 5, 1, 917, 3, 1791, 1, 14286, 1150, 1262, 1283, 0, 0, 1432500, 1023, 2420, 25, 44, -506, -889, 0
1731181633626338136, 3, 0, 1024, 0, 1798, 1, 14288, 1195, 1259, 1339, 0, 0, 849374, 606, 1489, 24, 60, -440, 417, 0
1731181636573827428, 4, 0, 1018, 1, 1798, 1, 14288, 1160, 1307, 1317, 0, 0, 1629999, 1164, 2630, 7, 79, -374, -1102, 10
1731181639505117659, 5, 0, 981, 3, 1798, 1, 14287, 1166, 1269, 1298, 0, 0, 1524375, 1088, 2385, 8, 29, -693, -840, 0
1731181648344156457, 4, 0, 852, 3, 1798, 1, 14286, 1175, 1291, 1301, 0, 0, 1678124, 1198, 2436, -24, 14, -439, -1115, 10
1731181651288699502, 5, 0, 825, 2, 1799, 1, 14287, 1162, 1310, 1345, 0, 0, 1664374, 1188, 2267, 2, 28, -694, -965, 0
1731181668911001999, 3, 0, 2388, 2, 1787, 1, 14286, 1265, 1400, 1376, 0, 0, 1290624, 921, 3392, 27, 32, -906, -166, 0
1731181671842633825, 4, 0, 2553, 3, 1791, 1, 14286, 1174, 1250, 1301, 0, 0, 1579999, 1128, 770, 26, 81, 31, -1128, 10
1731181674774153364, 5, 0, 2646, 4, 1792, 1, 14286, 1184, 1206, 1229, 0, 0, 1571874, 1122, 537, -6, 77, -577, -963, 0
1731181680609528228, 3, 0, 2592, 2, -1797, 1, 14284, 1306, 1442, 1415, 0, 0, 1103125, 787, 3504, 19, 18, -787, -17, 0
1731181683540076224, 4, 0, 2501, 2, -1794, 1, 14283, 1199, 1225, 1274, 0, 0, 1554375, 1110, 801, 30, 50, 191, -1093, 10
1731181686455857288, 5, 0, 2417, 2, -1796, 1, 14285, 1186, 1287, 1297, 0, 0, 1455624, 1039, 318, 48, 53, -519, -900, 0
1731181692272792785, 3, 0, 2354, 3, 1799, 1, 14286, 1261, 1391, 1371, 0, 0, 924999, 660, 3263, 38, 54, -660, -11, 0
1731181695192836039, 4, 0, 2348, 2, 1796, 1, 14287, 1201, 1275, 1313, 0, 0, 1467500, 1048, 673, 7, 81, 225, -1023, 10
1731181698101164606, 5, 0, 2373, 2, 1794, 1, 14289, 1193, 1285, 1281, 0, 0, 1295624, 925, 325, 21, 42, -389, -839, 0
1731181704625655398, 3, 0, 2448, 3, 1796, 1, 14289, 1307, 1443, 1424, 0, 0, 767500, 548, 3306, 67, 88, -546, 39, 0
1731181707547196160, 4, 0, 2477, 3, 1797, 1, 14289, 1189, 1282, 1343, 0, 0, 1421874, 1015, 940, 45, 49, 448, -911, 10
1731181710430974864, 5, 0, 2477, 2, -1799, 1, 14289, 1230, 1284, 1322, 0, 0, 1167499, 834, 632, -1, 89, -65, -831, 0
1731181716223425814, 3, 0, 2432, 0, -1769, 1, 14287, 1325, 1465, 1446, 0, 0, 621250, 443, 3015, -24, 114, -377, 232, 0
1731181719137809323, 4, 0, 1952, -10, -1753, 1, 14287, 1199, 1277, 1298, 0, 0, 1406250, 1004, 309, 40, 44, 274, -966, 10
1731181722026142767, 5, 0, 1747, 0, -1785, 1, 14286, 1308, 1439, 1418, 0, 0, 1028750, 734, 3494, 15, 19, -66, -731, 0
1731181724957876356, 2, 0, 1585, 2, -1784, 1, 14285, 1209, 1299, 1333, 0, 0, 1554375, 1110, 1034, 35, 42, 909, 636, 10
1731181730810418664, 4, 1, 915, 4, -1786, 1, 14284, 1187, 1322, 1326, 0, 0, 1253125, 895, 2657, 23, 56, -88, -890, 10
1731181733694328650, 5, 0, 719, 2, -1793, 1, 14284, 1230, 1357, 1396, 0, 0, 999375, 713, 2291, 12, 37, -276, -658, 0
1731181736615582989, 2, 0, 596, 5, -1795, 1, 14285, 1245, 1366, 1361, 0, 0, 1418125, 1012, 47, 31, 30, 828, 582, 10
1731181739476891977, 3, 0, 589, 2, 1795, 1, 14285, 1259, 1352, 1407, 0, 0, 812500, 580, 1095, 29, 33, -448, 368, 0
1731181742383442503, 4, 0, 682, 0, 1794, 1, 14286, 1192, 1301, 1313, 0, 0, 1313749, 938, 2507, 0, 35, 42, -937, 10
1731181745280322741, 5, 0, 797, 0, 1796, 1, 14287, 1224, 1349, 1378, 0, 0, 1155624, 825, 2312, 7, 29, -393, -725, 0
1731181751096542751, 3, 0, 971, 2, 1795, 1, 14289, 1277, 1365, 1440, 0, 0, 937499, 669, 1397, 44, 42, -454, 492, 0
1731181754010311728, 4, 1, 1006, 0, 1799, 1, 14289, 1192, 1331, 1334, 0, 0, 1345000, 960, 2617, 18, 52, -310, -909, 10
1731181756919847097, 5, 0, 995, 2, -1799, 1, 14290, 1206, 1367, 1394, 0, 0, 1274374, 910, 2369, 4, 17, -615, -670, 0
1731181759807993776, 2, 0, 980, 0, -1799, 1, 14290, 1260, 1300, 1316, 0, 0, 1076249, 768, 306, 26, 44, 710, 294, 10
1731181762699513564, 3, 0, 930, 4, -1798, 1, 14290, 1227, 1305, 1387, 0, 0, 1116875, 798, 1387, 43, 41, -571, 557, 0
1731181765619954036, 4, 0, 889, 1, -1798, 1, 14290, 1180, 1317, 1332, 0, 0, 1386250, 990, 2476, 4, 43, -358, -923, 10
1731181768544296537, 5, 0, 851, 1, -1799, 1, 14290, 1172, 1317, 1365, 0, 0, 1421250, 1015, 2204, 0, 39, -714, -722, 0
1731181786194947129, 3, 0, 2002, 17, 1755, 1, 14286, 1212, 1331, 1340, 0, 0, 1464375, 1046, 2685, 67, 54, -972, 384, 0
1731181792052761384, 5, 0, 2484, 6, 1789, 1, 14285, 1140, 1263, 1265, 0, 0, 1457500, 1041, 270, 10, 43, -689, -779, 0
1731181797910810635, 3, 0, 2614, 2, 1797, 1, 14285, 1182, 1322, 1294, 0, 0, 1322499, 944, 3452, 25, 26, -939, 101, 0
1731181800816734973, 4, 0, 2582, 4, -1796, 1, 14284, 1196, 1260, 1315, 0, 0, 1310000, 935, 806, 42, 60, 38, -934, 10
1731181803725466835, 5, 0, 2515, 5, -1796, 1, 14284, 1161, 1257, 1274, 0, 0, 1323749, 945, 302, 30, 46, -625, -709, 0
1731181809567133713, 3, 0, 2391, 4, -1799, 1, 14284, 1236, 1362, 1340, 0, 0, 1150624, 821, 3180, 36, 78, -806, 157, 0
1731181812462448599, 4, 0, 2357, 4, -1797, 1, 14284, 1256, 1304, 1343, 0, 0, 1231875, 879, 564, -7, 91, 10, -879, 10
1731181815361721788, 5, 0, 2360, 4, 1798, 1, 14284, 1248, 1365, 1359, 0, 0, 1151250, 822, 234, 49, 61, -444, -691, 0
1731181821184797694, 3, 0, 2391, 3, 1796, 1, 14285, 1266, 1381, 1364, 0, 0, 1030625, 736, 3056, 3, 105, -675, 293, 0
1731181824078626538, 4, 0, 2430, 3, 1797, 1, 14284, 1216, 1288, 1340, 0, 0, 1153125, 823, 858, 54, 55, 317, -759, 10
1731181826956059721, 5, 0, 2457, 3, 1795, 1, 14284, 1253, 1347, 1369, 0, 0, 989999, 707, 388, 43, 52, -321, -629, 0
1731181832776361823, 3, 0, 2482, 0, 1798, 1, 14282, 1307, 1441, 1424, 0, 0, 913125, 652, 3023, 3, 109, -528, 381, 0
1731181835667280629, 4, 0, 2478, 2, 1798, 1, 14282, 1221, 1291, 1362, 0, 0, 1141875, 815, 973, 42, 53, 401, -709, 10
1731181838534244772, 5, 0, 2332, 18, -1762, 1, 14282, 1240, 1324, 1339, 0, 0, 871249, 622, 285, 68, 51, -258, -566, 0
1731181844350212840, 3, 0, 1709, 5, -1784, 1, 14282, 1163, 1297, 1337, 0, 0, 924999, 660, 2095, 47, 49, -411, 516, 0
1731181847234009635, 4, 0, 1497, 3, -1756, 1, 14282, 1266, 1391, 1371, 0, 0, 1013750, 723, 3465, 20, 33, 211, -692, 10
1731181850091418686, 5, 0, 1124, -8, -1780, 1, 14283, 1251, 1399, 1414, 0, 0, 718124, 512, 2494, 5, 30, -349, -375, 0
1731181853038396350, 2, 0, 880, 0, -1788, 1, 14284, 1198, 1308, 1299, 0, 0, 1648124, 1177, 261, 48, 51, 1038, 555, 10
1731181855922334862, 3, 0, 668, 0, -1792, 1, 14284, 1269, 1343, 1412, 0, 0, 1050625, 750, 978, 48, 49, -385, 643, 0
1731181858805443671, 4, 0, 557, 3, 1799, 1, 14284, 1241, 1338, 1359, 0, 0, 988750, 706, 2430, 4, 21, 90, -700, 10
1731181861679952328, 5, 0, 553, 1, 1793, 1, 14284, 1185, 1249, 1285, 0, 0, 871249, 622, 2129, 47, 84, -235, -575, 0
1731181864603301220, 2, 0, 638, 0, 1791, 1, 14285, 1242, 1366, 1368, 0, 0, 1465624, 1046, 180, 45, 41, 752, 728, 10
1731181867494531252, 3, 0, 776, 0, 1792, 1, 14285, 1204, 1322, 1386, 0, 0, 1080000, 771, 1164, 31, 48, -484, 600, 0
1731181870384134577, 4, 0, 887, 0, 1792, 1, 14284, 1224, 1371, 1379, 0, 0, 1070000, 764, 2572, 7, 35, -151, -749, 10
1731181873273938513, 5, 0, 966, 0, 1796, 1, 14284, 1225, 1352, 1384, 0, 0, 1037500, 741, 2302, -11, 27, -536, -511, 0
1731181879120259698, 3, 0, 1020, 3, 1796, 1, 14285, 1170, 1277, 1343, 0, 0, 1225000, 874, 1315, 17, 38, -430, 761, 0
1731181882003820954, 4, 0, 992, 1, 1799, 1, 14284, 1236, 1350, 1363, 0, 0, 1103750, 788, 2517, -6, 39, -363, -699, 10
1731181884903250146, 5, 0, 936, 2, -1798, 1, 14284, 1230, 1344, 1390, 0, 0, 1186875, 847, 2217, 11, 39, -666, -523, 0
1731181890774961504, 3, 0, 855, 5, -1799, 1, 14284, 1199, 1267, 1328, 0, 0, 1386874, 990, 1281, 60, 30, -669, 729, 0
1731181893689913167, 4, 0, 831, 1, 1796, 1, 14284, 1196, 1308, 1336, 0, 0, 1196875, 854, 2333, -9, 23, -424, -741, 10
1731181896613169165, 5, 0, 803, 3, 1796, 1, 14283, 1123, 1246, 1291, 0, 0, 1371874, 979, 2108, 28, 50, -744, -637, 0
1731181905407243753, 4, 0, 1698, -1, 1788, 1, 14284, 1152, 1312, 1279, 0, 0, 1228125, 877, 3268, 74, 71, -344, -806, 10
1731181908338247126, 5, 0, 2081, 38, 1752, 1, 14284, 1187, 1329, 1315, 0, 0, 1423749, 1016, 3420, 53, 31, -735, -702, 0
1731181914228210659, 3, 1, 2517, 4, 1791, 1, 14285, 1207, 1314, 1295, 0, 0, 1586874, 1133, 3347, 71, 42, -1124, 138, 0
1731181917112018558, 4, 0, 2607, 2, 1796, 1, 14285, 1184, 1224, 1259, 0, 0, 1110625, 793, 661, -5, 117, -200, -767, 10
1731181920007313927, 5, 0, 2630, 5, -1799, 1, 14285, 1209, 1305, 1304, 0, 0, 1264374, 903, 290, 48, 49, -731, -530, 0
1731181925876981138, 3, 0, 2519, 5, -1799, 1, 14285, 1216, 1345, 1319, 0, 0, 1415624, 1011, 3303, 60, 67, -990, 202, 0
1731181928758408810, 4, 0, 2451, -9, 1798, 1, 14286, 1270, 1277, 1317, 0, 0, 1030000, 735, 594, -10, 121, -74, -731, 10
1731181931647834897, 5, 0, 2462, -2, 1799, 1, 14285, 1238, 1346, 1353, 0, 0, 1111875, 794, 226, 40, 47, -547, -574, 0
1731181934563194870, 2, 0, 2421, 1, -1797, 1, 14285, 1206, 1346, 1371, 0, 0, 1335624, 954, 2334, 0, 33, 143, 943, 10
1731181937483757958, 3, 0, 2367, -3, 1796, 1, 14285, 1230, 1315, 1299, 0, 0, 1355000, 967, 3005, 0, 114, -869, 425, 0
1731181940362107921, 4, 0, 2270, 8, 1799, 1, 14286, 1237, 1326, 1335, 0, 0, 1003124, 716, 327, 32, 46, -178, -693, 10
1731181943258047352, 5, 0, 2049, 0, -1797, 1, 14286, 1237, 1370, 1347, 0, 0, 1078125, 770, 3441, 31, 30, -502, -583, 0
1731181950019189902, 3, 0, 2080, -20, -1798, 1, 14286, 1229, 1392, 1393, 0, 0, 1361874, 972, 2608, 23, 49, -774, 589, 0
1731181952886861995, 4, 0, 2093, -5, 1798, 1, 14286, 1268, 1372, 1364, 0, 0, 893125, 637, 219, 41, 45, -82, -632, 10
1731181955765381334, 5, 0, 2166, 64, 1775, 1, 14286, 1259, 1377, 1358, 0, 0, 959999, 685, 3533, 32, 19, -470, -498, 0
1731181958694347902, 2, 0, 2525, -1, 1792, 1, 14287, 1244, 1385, 1407, 0, 0, 1506250, 1076, 2434, 0, 26, 168, 1062, 10
1731181961606945643, 3, 0, 2692, 4, 1790, 1, 14287, 1230, 1326, 1306, 0, 0, 1323749, 945, 3362, 45, 40, -870, 369, 0
1731181964469493484, 4, 0, 2835, 6, 1797, 1, 14286, 1268, 1342, 1410, 0, 0, 863125, 616, 1116, 26, 39, 86, -610, 10
1731181967328133592, 5, 0, 2859, 6, -1795, 1, 14285, 1246, 1305, 1352, 0, 0, 863749, 616, 734, 27, 63, -332, -519, 0
1731181970259403435, 2, 0, 2787, 3, -1787, 1, 14286, 1214, 1311, 1330, 0, 0, 1539375, 1099, 2524, 4, 51, 485, 986, 10
1731181973158447527, 3, 0, 2653, 6, -1792, 1, 14285, 1289, 1415, 1393, 0, 0, 1157499, 826, 3229, 32, 84, -698, 442, 0
1731181976025166592, 4, 0, 2502, 3, -1793, 1, 14285, 1240, 1310, 1376, 0, 0, 922499, 658, 925, 47, 50, 249, -609, 10
1731181978876531258, 5, 0, 2385, 0, -1795, 1, 14286, 1271, 1378, 1387, 0, 0, 753749, 538, 263, 30, 43, -287, -455, 0
1731181981823878579, 2, 0, 2322, 2, -1799, 1, 14286, 1179, 1270, 1311, 0, 0, 1670625, 1193, 2129, 6, 90, 394, 1126, 10
1731181984713682352, 3, 0, 2190, 0, -1752, 1, 14286, 1271, 1429, 1436, 0, 0, 1093750, 781, 2592, 14, 38, -504, 596, 0
1731181987580159448, 4, 0, 1812, -5, -1778, 1, 14286, 1234, 1367, 1358, 0, 0, 863749, 616, 200, 31, 40, 199, -583, 10
1731181990415108158, 5, 0, 1663, 0, -1782, 1, 14285, 1284, 1403, 1382, 0, 0, 571250, 408, 3143, 14, 95, -215, -346, 0
1731181993378662545, 2, 1, 1556, 0, -1794, 1, 14285, 1180, 1282, 1349, 0, 0, 1829374, 1306, 1115, 37, 32, 910, 937, 10
1731181996293485480, 3, 1, 1219, 24, -1753, 1, 14284, 1157, 1256, 1295, 0, 0, 1269374, 906, 1248, 24, 44, -46, 905, 0
1731181999149974217, 4, 0, 975, 0, -1786, 1, 14283, 1251, 1420, 1418, 0, 0, 696875, 497, 2705, 32, 39, -59, -494, 10
1731182001997144641, 5, 0, 768, 2, -1790, 1, 14283, 1191, 1285, 1325, 0, 0, 614374, 438, 2071, 49, 56, -334, -283, 0
1731182007849287405, 3, 0, 604, 4, 1796, 1, 14283, 1217, 1301, 1359, 0, 0, 1311874, 936, 992, 38, 43, -586, 730, 0
1731182010705513718, 4, 0, 675, 1, 1794, 1, 14283, 1268, 1429, 1449, 0, 0, 761875, 544, 2440, 10, 26, -32, -543, 10
1731182013568006977, 5, 0, 772, 0, 1795, 1, 14283, 1220, 1329, 1361, 0, 0, 808749, 577, 2089, 23, 56, -431, -384, 0
1731182016504470197, 2, 0, 877, 1, 1793, 1, 14283, 1247, 1343, 1365, 0, 0, 1572500, 1123, 408, 34, 79, 821, 765, 10
1731182019432130614, 3, 0, 963, 0, 1793, 1, 14283, 1219, 1283, 1353, 0, 0, 1385624, 989, 1276, 48, 30, -514, 845, 0
1731182022295086595, 4, 0, 986, 1, 1799, 1, 14283, 1276, 1410, 1426, 0, 0, 828125, 591, 2529, 0, 41, -255, -533, 10
1731182025177625214, 5, 0, 981, 3, 1799, 1, 14283, 1196, 1336, 1371, 0, 0, 992499, 708, 2150, 12, 44, -632, -320, 0
1731182028103869474, 2, 0, 964, 0, 1799, 1, 14283, 1250, 1318, 1358, 0, 0, 1473124, 1052, 627, 15, 115, 584, 874, 10
1731182031045728380, 3, 0, 930, 1, -1798, 1, 14283, 1206, 1287, 1344, 0, 0, 1529375, 1092, 1267, 65, 67, -607, 907, 0
1731182033913209436, 4, 0, 883, 2, -1799, 1, 14283, 1234, 1372, 1399, 0, 0, 914999, 653, 2343, 11, 21, -364, -542, 10
1731182036812567145, 5, 0, 855, 4, 1799, 1, 14282, 1166, 1276, 1324, 0, 0, 1183750, 845, 2001, 9, 98, -768, -352, 0
1731182039728197986, 2, 1, 826, 3, 1799, 1, 14282, 1214, 1196, 1075, 0, 0, 1381874, 986, 1023, 218, 315, -330, 929, 10
1731182042675093817, 3, 0, 812, 2, 1798, 1, 14283, 1181, 1261, 1331, 0, 0, 1661249, 1186, 1270, 61, 44, -851, 826, 0
1731182045566555915, 4, 0, 1238, 24, 1765, 1, 14283, 1209, 1327, 1334, 0, 0, 1056249, 754, 2603, 28, 47, -519, -547, 10
1731182048479469234, 5, 0, 1582, -8, 1782, 1, 14284, 1190, 1295, 1306, 0, 0, 1367499, 976, 2611, 6, 87, -951, -218, 0
1731182057240692811, 4, 0, 2381, 0, 1790, 1, 14283, 1182, 1308, 1294, 0, 0, 968750, 691, 252, 36, 45, -377, -579, 10
1731182060146677896, 5, 0, 2539, 1, 1792, 1, 14283, 1188, 1341, 1331, 0, 0, 1270624, 907, 146, 39, 50, -780, -462, 0
1731182066046407212, 3, 0, 2626, 3, 1799, 1, 14283, 1124, 1252, 1244, 0, 0, 1709374, 1220, 3396, 45, 38, -1189, 272, 0
1731182068907016116, 4, 0, 2576, 1, -1794, 1, 14283, 1262, 1308, 1338, 0, 0, 856249, 611, 547, 21, 73, -238, -563, 10
1731182071790350834, 5, 0, 2504, 0, -1797, 1, 14283, 1285, 1405, 1401, 0, 0, 1091875, 779, 134, 25, 42, -653, -424, 0
1731182074726792895, 2, 0, 2430, 1, -1797, 1, 14283, 1222, 1335, 1362, 0, 0, 1548749, 1106, 2393, 5, 18, 71, 1103, 10
1731182077668173017, 3, 1, 2386, 1, 1798, 1, 14283, 1207, 1324, 1308, 0, 0, 1576874, 1126, 2922, 6, 107, -906, 667, 0
1731182080511866318, 4, 0, 2358, 3, -1799, 1, 14283, 1264, 1384, 1402, 0, 0, 724375, 517, 397, 36, 73, -144, -496, 10
1731182083379277658, 5, 0, 2362, 0, -1799, 1, 14282, 1248, 1371, 1360, 0, 0, 885000, 632, 34, 25, 23, -503, -382, 0
1731182086334467803, 2, 0, 2373, 3, 1798, 1, 14281, 1223, 1357, 1383, 0, 0, 1684999, 1203, 2304, 5, 35, 142, 1194, 10
1731182089266504517, 3, 0, 2403, 3, 1795, 1, 14281, 1215, 1351, 1333, 0, 0, 1503124, 1073, 2839, 24, 93, -741, 776, 0
1731182092101498179, 4, 0, 2429, 3, 1797, 1, 14281, 1293, 1297, 1342, 0, 0, 608125, 434, 731, 7, 83, 76, -427, 10
1731182094944812888, 5, 0, 2456, 0, 1799, 1, 14281, 1272, 1414, 1408, 0, 0, 679999, 485, 142, 24, 33, -379, -302, 0
1731182097908274916, 2, 0, 2473, 0, 1799, 1, 14281, 1167, 1288, 1313, 0, 0, 1821249, 1300, 2347, -1, 27, 282, 1269, 10
1731182100832790159, 3, 0, 2480, 0, 1799, 1, 14282, 1186, 1310, 1299, 0, 0, 1420624, 1014, 2873, 22, 83, -643, 784, 0
1731182103668532918, 4, 0, 2480, 0, -1799, 1, 14281, 1254, 1255, 1319, 0, 0, 588125, 419, 980, 35, 43, 209, -363, 10
1731182106503613771, 5, 0, 2283, 20, -1759, 1, 14280, 1269, 1413, 1397, 0, 0, 485624, 346, 3585, 23, 21, -264, -224, 0
1731182114385840985, 4, 0, 1597, -16, -1784, 1, 14280, 1281, 1427, 1411, 0, 0, 475624, 339, 0, 8, 33, 117, -318, 10
1731182117215021866, 5, 0, 1209, -3, -1775, 1, 14279, 1267, 1359, 1380, 0, 0, 425624, 303, 2139, 6, 66, -303, -15, 0
1731182120194436523, 2, 1, 960, 0, -1787, 1, 14279, 1169, 1273, 1292, 0, 0, 2038749, 1455, 428, 35, 68, 1166, 871, 10
1731182123133057970, 3, 0, 697, 1, -1790, 1, 14279, 1149, 1211, 1278, 0, 0, 1582500, 1129, 930, 43, 48, -447, 1037, 0
1731182125959496979, 4, 0, 558, 2, -1798, 1, 14280, 1286, 1446, 1475, 0, 0, 429375, 306, 2387, -12, 13, 15, -306, 10
1731182131870688475, 2, 0, 612, 2, 1793, 1, 14281, 1187, 1315, 1305, 0, 0, 1872499, 1337, 261, 35, 43, 770, 1092, 10
1731182134806651265, 3, 0, 738, 1, 1791, 1, 14280, 1186, 1270, 1332, 0, 0, 1572500, 1122, 1068, 30, 45, -610, 942, 0
1731182137647263472, 4, 0, 871, -1, 1791, 1, 14280, 1294, 1389, 1409, 0, 0, 543749, 388, 2452, 5, 22, -144, -360, 10
1731182140513563256, 5, 0, 960, 0, 1792, 1, 14280, 1190, 1301, 1329, 0, 0, 818125, 584, 1998, -5, 112, -567, -139, 0
1731182146411842864, 3, 0, 1026, 1, 1797, 1, 14281, 1200, 1192, 1258, 0, 0, 1681249, 1200, 1279, 44, 50, -513, 1084, 0
1731182149258319414, 4, 0, 999, 1, -1799, 1, 14281, 1281, 1433, 1463, 0, 0, 633750, 452, 2360, -6, 14, -313, -326, 10
